"NumLic","CodUG","Instituicao","ModComp","Processo","Objeto","Situacao","CodOrgao","NomeOrgao","Municipio","DataCompra","DataLicitacao","Valor","Mes","Ano"
12019,154051,"UNIVERSIDADE FEDERAL DE VICOSA","DISPENSA DE LICITACAO","012364/2018","OBJETO: FORNECIMENTO E INSTALACAO DE PERSIANAS VERTICAIS EM 9 JANELAS LOCALIZADAS NO EDIFICIO DO CORPO DE BOMBEIROS - UFV - VICOSA, MATERIAL TECIDO, COR CINZA. ACOMPANHA TRILHOS E SANEFAS (BANDORES) PARA ACABAMENTO.","ENCERRADO",26282,"UNIVERSIDADE FEDERAL DE VICOSA","VICOSA",2019-01-14,NA,2590,"janeiro",2019
152018,154051,"UNIVERSIDADE FEDERAL DE VICOSA","TOMADA DE PRECOS","012066/2018","OBJETO: OBRAS CIVIS PUBLICA - EXECUCAO DE REFORMA COM FORNECIMENTO TOTAL DE MATERIAIS, SOB O REGIME DE EMPREITADA POR PRECO GLOBAL, NECESSARIOS A EXECUCAO DE ESQUADRIAS NA DIRETORIA DE RELACOES INTERNACIONAIS, SITUADO NO CAMPUS DA UNIVERSIDADE FEDERAL DE VICOSA, CIDADE DE VICOSA, MINAS GERAIS.","EVENTO DE RESULTADO DE JULGAME",26282,"UNIVERSIDADE FEDERAL DE VICOSA","VICOSA",2019-01-25,NA,14574.82,"janeiro",2019
452018,154051,"UNIVERSIDADE FEDERAL DE VICOSA","INEXIGIBILIDADE DE LICITACAO","012522/2018","OBJETO: CONTRATACAO DE PESSOA JURIDICA PARA PRESTACAO DE SERVICOS DE MANUTENCAO CORRETIVA EM EQUIPAMENTOS DE LABORATORIO.","ENCERRADO",26282,"UNIVERSIDADE FEDERAL DE VICOSA","VICOSA",2019-01-16,NA,1687.54,"janeiro",2019
472018,154051,"UNIVERSIDADE FEDERAL DE VICOSA","DISPENSA DE LICITACAO","011353/2018","OBJETO: CONTRATACAO DE EMPRESA PARA LOCACAO DE PLATAFORMA ELEVATORIA DURANTE 40 (QUARENTA) DIAS, INCLUINDO A MOBILIZACAO E DESMOBILIZACAO DO EQUIPAMENTO.","ENCERRADO",26282,"UNIVERSIDADE FEDERAL DE VICOSA","VICOSA",2019-01-09,NA,14220,"janeiro",2019
582018,154051,"UNIVERSIDADE FEDERAL DE VICOSA","DISPENSA DE LICITACAO","012364/2018","OBJETO: CONTRATACAO DE EMPRESA PARA FORNECIMENTO E INSTALACAO DE PERSIANAS VERTICAIS NO EDIFICIO DO CORPO DE BOMBEIROS (COB).","REVOGACAO",26282,"UNIVERSIDADE FEDERAL DE VICOSA","VICOSA",2019-01-10,NA,2590,"janeiro",2019
2272018,154052,"CENTRAL DE ENS.DES.AGRAR.DE FLORESTAL/UFV","PREGAO - REGISTRO DE PRECO","010091/2018","OBJETO: PREGAO ELETRONICO -  AQUISICAO DE MATERIAIS DE LIMPEZA.","PUBLICADO",26282,"UNIVERSIDADE FEDERAL DE VICOSA","FLORESTAL",2019-01-21,2018-12-05,3832.5,"janeiro",2019
2462018,154051,"UNIVERSIDADE FEDERAL DE VICOSA","PREGAO - REGISTRO DE PRECO","003164/2018","OBJETO: PREGAO ELETRONICO -  LOCACAO DE BANHEIROS, SERVICO DE SONORIZACAO E OUTROS","PUBLICADO",26282,"UNIVERSIDADE FEDERAL DE VICOSA","VICOSA",2019-01-07,2018-12-18,32098.5,"janeiro",2019
2492018,154052,"CENTRAL DE ENS.DES.AGRAR.DE FLORESTAL/UFV","PREGAO","011318/2018","OBJETO: PREGAO ELETRONICO -  AQUISICAO DE SWITCH ETHERNET GERENCIAVEL","EVENTO DE ADIAMENTO PUBLICADO",26282,"UNIVERSIDADE FEDERAL DE VICOSA","FLORESTAL",2019-01-31,2018-12-11,73999.8,"janeiro",2019
2512018,154051,"UNIVERSIDADE FEDERAL DE VICOSA","PREGAO","011161/2018","OBJETO: PREGAO ELETRONICO -  SERVICOS DE MANUTENCAO, HIGIENIZACAO (LAVAGEM), PASSADORIA, SEPARACAO E EMPACOTAMENTO QUE SE FIZEREM NECESSARIOS EM BECAS E DEMAIS ACESSORIOS (JABOUR E FAIXA), PARA A SOLENIDADE DE COLACAO DE GRAU DA UNIVERSIDADE FEDERAL DE VICOSA.","EVENTO DE RESULTADO DE JULGAME",26282,"UNIVERSIDADE FEDERAL DE VICOSA","VICOSA",2019-01-02,2018-12-11,12540,"janeiro",2019
2552018,154051,"UNIVERSIDADE FEDERAL DE VICOSA","PREGAO - REGISTRO DE PRECO","012029/2018","OBJETO: PREGAO ELETRONICO -  SRP - AQUISICAO DE INSUMOS PARA PRODUCAO DE RACAO ANIMAL","PUBLICADO",26282,"UNIVERSIDADE FEDERAL DE VICOSA","VICOSA",2019-01-22,2019-01-16,86400,"janeiro",2019
2572018,154051,"UNIVERSIDADE FEDERAL DE VICOSA","PREGAO - REGISTRO DE PRECO","012489/2018","OBJETO: PREGAO ELETRONICO -  AQUISICAO DE CIMENTO","EVENTO DE RESULTADO DE JULGAME",26282,"UNIVERSIDADE FEDERAL DE VICOSA","VICOSA",2019-01-22,2019-01-15,9620,"janeiro",2019
2582018,154051,"UNIVERSIDADE FEDERAL DE VICOSA","PREGAO","012048/2018","OBJETO: PREGAO ELETRONICO -  AQUISICAO DE COMBUSTIVEL PARA ABASTECIMENTO DE MAQUINAS AGRICOLAS E MOTORES ESTACIONARIOS.","PUBLICADO",26282,"UNIVERSIDADE FEDERAL DE VICOSA","VICOSA",2019-01-22,2019-01-03,318240,"janeiro",2019
2622018,154051,"UNIVERSIDADE FEDERAL DE VICOSA","PREGAO","012668/2018","OBJETO: PREGAO ELETRONICO -  CONTRATACAO DE SEGURO ESTUDANTIL.","EVENTO DE RESULTADO DE JULGAME",26282,"UNIVERSIDADE FEDERAL DE VICOSA","VICOSA",2019-01-15,2019-01-11,79920,"janeiro",2019
22019,154051,"UNIVERSIDADE FEDERAL DE VICOSA","PREGAO","013366/2018","OBJETO: PREGAO ELETRONICO -  FORNECIMENTO E INSTALACAO DE PISO VINILICO EM MANTAS.","EVENTO DE RESULTADO DE JULGAME",26282,"UNIVERSIDADE FEDERAL DE VICOSA","VICOSA",2019-02-04,2019-01-30,86999.64,"fevereiro",2019
32019,154051,"UNIVERSIDADE FEDERAL DE VICOSA","PREGAO","000394/2019","OBJETO: PREGAO ELETRONICO -  AQUISICAO DE GENEROS ALIMENTICIOS - LDI","EVENTO DE RESULTADO DE JULGAME",26282,"UNIVERSIDADE FEDERAL DE VICOSA","VICOSA",2019-02-06,2019-02-01,16429.16,"fevereiro",2019
32019,154052,"CENTRAL DE ENS.DES.AGRAR.DE FLORESTAL/UFV","DISPENSA DE LICITACAO","000514/2019","OBJETO: CONTRATACAO DE EMPRESA ESPECIALIZADA EM PRESTACAO DE SERVICOS TECNICOS DE AUXILIAR EM SERVICOS DE ALIMENTACAO","PUBLICADO",26282,"UNIVERSIDADE FEDERAL DE VICOSA","FLORESTAL",2019-02-07,NA,132225.02,"fevereiro",2019
42019,154051,"UNIVERSIDADE FEDERAL DE VICOSA","PREGAO","000452/2019","OBJETO: PREGAO ELETRONICO -  AQUISICAO DE PAES PARA PREPARO DE CAFE DA MANHA NO RESTAURANTE MULTIUSO.","PUBLICADO",26282,"UNIVERSIDADE FEDERAL DE VICOSA","VICOSA",2019-02-08,2019-02-01,189095,"fevereiro",2019
42019,154052,"CENTRAL DE ENS.DES.AGRAR.DE FLORESTAL/UFV","DISPENSA DE LICITACAO","000515/2019","OBJETO: VISA A CONTRATACAO DE EMPRESA ESPECIALIZADA EM SERVICO DE JARDINAGEM PELO PERIODO DE ATE 180 DIAS PARA A ABERTURA DE NOVO PROCESSO LICITATORIO PARA CONTRATACAO EFETIVA DENTRO DAS NOVAS NORMAS.","PUBLICADO",26282,"UNIVERSIDADE FEDERAL DE VICOSA","FLORESTAL",2019-02-13,NA,191967,"fevereiro",2019
52019,154051,"UNIVERSIDADE FEDERAL DE VICOSA","DISPENSA DE LICITACAO","000680/2019","OBJETO: ADESIVO USO GERAL, PASTA BRANCA LEITOSA, SEM SOLVENTE, COMPOSICAO POLIMEROS ACRILICOS, CARGAS MINERAIS, RENDIMENTO 170 A 200 G/M², APLICACAO DESEMPENADEIRA ACO E ROLO, APLICACAO PISO PAVIFLEX/ DECOFLEX, BALDE DE 23 KG.","ENCERRADO",26282,"UNIVERSIDADE FEDERAL DE VICOSA","VICOSA",2019-02-04,NA,4441,"fevereiro",2019
62019,154051,"UNIVERSIDADE FEDERAL DE VICOSA","PREGAO","000558/2019","OBJETO: PREGAO ELETRONICO -  VERGALHAO","EVENTO DE RESULTADO DE JULGAME",26282,"UNIVERSIDADE FEDERAL DE VICOSA","VICOSA",2019-02-22,2019-02-15,73300.5,"fevereiro",2019
72019,154051,"UNIVERSIDADE FEDERAL DE VICOSA","PREGAO","000696/2019","OBJETO: PREGAO ELETRONICO -  CONTRATACAO DOS SERVICOS DE CONTINUOS.","PUBLICADO",26282,"UNIVERSIDADE FEDERAL DE VICOSA","VICOSA",2019-02-25,2019-02-05,785435.7,"fevereiro",2019
92019,154051,"UNIVERSIDADE FEDERAL DE VICOSA","PREGAO","013106/2018","OBJETO: PREGAO ELETRONICO -  CONTRATACAO DE SERVICO DE LOCACAO DE VEICULO, COM MOTORISTA, PARA O TRANSPORTE DOS SERVIDORES E BOLSISTAS DO CENTEV.","PUBLICADO",26282,"UNIVERSIDADE FEDERAL DE VICOSA","VICOSA",2019-02-21,2019-02-20,41979.96,"fevereiro",2019
102019,154051,"UNIVERSIDADE FEDERAL DE VICOSA","PREGAO","000818/2019","OBJETO: PREGAO ELETRONICO -  AQUISICAO DE PISO VINILICO TIPO PAVIFLEX","EVENTO DE RESULTADO DE JULGAME",26282,"UNIVERSIDADE FEDERAL DE VICOSA","VICOSA",2019-02-22,2019-02-13,42366,"fevereiro",2019
162019,154051,"UNIVERSIDADE FEDERAL DE VICOSA","PREGAO","001197/2019","OBJETO: PREGAO ELETRONICO -  AQUISICAO DE HORTIFRUTI.","PUBLICADO",26282,"UNIVERSIDADE FEDERAL DE VICOSA","VICOSA",2019-02-22,2019-02-21,25455.01,"fevereiro",2019
442018,154051,"UNIVERSIDADE FEDERAL DE VICOSA","INEXIGIBILIDADE DE LICITACAO","012931/2018","OBJETO: IMPORTACAO DE MODULO PARA NEXION (N8140268)","ENCERRADO",26282,"UNIVERSIDADE FEDERAL DE VICOSA","VICOSA",2019-02-21,NA,13711.87,"fevereiro",2019
2342018,154052,"CENTRAL DE ENS.DES.AGRAR.DE FLORESTAL/UFV","PREGAO - REGISTRO DE PRECO","010220/2018","OBJETO: PREGAO ELETRONICO -  AQUISICAO DE MATERIAIS PARA FABRICACAO DE RACAO ANIMAL.","EVENTO DE ADIAMENTO PUBLICADO",26282,"UNIVERSIDADE FEDERAL DE VICOSA","FLORESTAL",2019-02-11,2019-02-04,10073,"fevereiro",2019
2562018,154051,"UNIVERSIDADE FEDERAL DE VICOSA","PREGAO","011172/2018","OBJETO: PREGAO ELETRONICO -  CONTRATACAO DE SERVICOS CONTINUADOS DE IMPRESSOR E ENCADERNADOR PARA A DIVISAO DE GRAFICA.","PUBLICADO",26282,"UNIVERSIDADE FEDERAL DE VICOSA","VICOSA",2019-02-07,2019-01-07,201540,"fevereiro",2019
2602018,154052,"CENTRAL DE ENS.DES.AGRAR.DE FLORESTAL/UFV","PREGAO - REGISTRO DE PRECO","012551/2018","OBJETO: PREGAO ELETRONICO -  LOCACAO DE VEICULOS","PUBLICADO",26282,"UNIVERSIDADE FEDERAL DE VICOSA","FLORESTAL",2019-02-28,2019-02-19,378000,"fevereiro",2019
2632018,154051,"UNIVERSIDADE FEDERAL DE VICOSA","PREGAO","013307/2018","OBJETO: PREGAO ELETRONICO -  AQUISICAO DE GASES ESPECIAIS PARA REPOSICAO DO ESTOQUE DO ALMOXARIFADO CENTRAL NO ANO DE 2019.","PUBLICADO",26282,"UNIVERSIDADE FEDERAL DE VICOSA","VICOSA",2019-02-13,2019-01-25,83649,"fevereiro",2019
12019,154051,"UNIVERSIDADE FEDERAL DE VICOSA","PREGAO","000032/2019","OBJETO: PREGAO ELETRONICO -  AQUISICAO DE MATERIAIS DE LIMPEZA E EXPEDIENTE PARA O ALMOXARIFADO CENTRAL","PUBLICADO",26282,"UNIVERSIDADE FEDERAL DE VICOSA","VICOSA",2019-03-08,2019-02-15,52001.5,"março",2019
12019,154051,"UNIVERSIDADE FEDERAL DE VICOSA","INEXIGIBILIDADE DE LICITACAO","1530/2019","OBJETO: CURSO DE APERFEICOAMENTO/ESPECIALIZACAO PROFISSIONAL DE SERVIDORA NO 14° CONGRESSO BRASILEIRO DE PREGOEIROS.","ENCERRADO",26282,"UNIVERSIDADE FEDERAL DE VICOSA","VICOSA",2019-03-08,NA,3685,"março",2019
22019,154051,"UNIVERSIDADE FEDERAL DE VICOSA","INEXIGIBILIDADE DE LICITACAO","004121/2019","OBJETO: INSCRICAO DE TRES SERVIDORES NO 14º CONGRESSO BRASILEIRO DE PREGOEIROS, REALIZADO PELO INSTITUTO NEGOCIOS PUBLICOS DO BRASIL ESTUDOS E PESQUISAS NA ADMINISTRACAO PUBLICA LTDA.","ENCERRADO",26282,"UNIVERSIDADE FEDERAL DE VICOSA","VICOSA",2019-03-12,NA,11055,"março",2019
62019,154051,"UNIVERSIDADE FEDERAL DE VICOSA","DISPENSA DE LICITACAO","001601/2019","OBJETO: CONTRATACAO DE EMPRESA PARA AQUISICAO E INSTALACAO DE PORTA E BOX EM VIDRO TEMPERADO. DESCRICAO COMPLEMENTAR DOS ITENS: ITEM 1) PORTA, LARGURA 1,60 M, ESPESSURA 10 MM, MATERIAL VIDRO TEMPERADO, COR INCOLOR, ALTURA 2,10 M - DE GIRO, 2 FOLHAS, COR INCOLOR, TRANSMITANCIA TRANSPARENTE, PUXADOR DO TIPO BARRA EM ACO INOX E AS DEMAIS FERRAGENS CROMADAS, ALTURA TOTAL 2,10 M, COMPRIMENTO TOTAL 1,40 M, INCLUINDO A INSTALACAO NO LOCAL. DEMAIS ESPECIFICACOES PREVISTAS NO ITEM 4.2 , FIGURA 1 DO PROJETO BASICO. ITEM 2","ENCERRADO",26282,"UNIVERSIDADE FEDERAL DE VICOSA","VICOSA",2019-03-22,NA,8675.93,"março",2019
72019,154051,"UNIVERSIDADE FEDERAL DE VICOSA","DISPENSA DE LICITACAO","001859/2019","OBJETO: AQUISICAO DE BOMBA CENTRIFUGA TRIFASICA 1,5 E BOMBA MULTI-ESTAGIO TRIFASICA 2 CV. DESCRICAO COMPLEMENTAR DOS ITENS: ITEM 1) BOMBA CENTRIFUGA AGUA, MOTOR TRIFASICO, POTENCIA 2 CV, MATERIAL FERRO FUNDIDO, SUCCAO 1 1/4', ROTOR ALUMINIO E SELO ACO INOXIDAVEL, APLICACAO CAIXA D'AGUA - BOMBA CENTRIFUGA, TRIFASICA, POTENCIA 1,5 CV, MOTOR ELETRICO IP-21 COM FLANGE INCORPORADA, 2 POLOS, 60 HZ, ROTACAO: 3500 RPM; ITEM 2) MOTOR ELETRICO, TIPO INDUCAO, POTENCIA 1/2 CV, TENSAO 220/380 V, NUMERO POLOS 4 UN, NUMERO DE","ENCERRADO",26282,"UNIVERSIDADE FEDERAL DE VICOSA","VICOSA",2019-03-27,NA,787.8,"março",2019
82019,154052,"CENTRAL DE ENS.DES.AGRAR.DE FLORESTAL/UFV","PREGAO","000785/2019","OBJETO: PREGAO ELETRONICO -  AQUISICAO DE DIVERSAS FERRAMENTAS ELETRICAS E MECANICAS.","PUBLICADO",26282,"UNIVERSIDADE FEDERAL DE VICOSA","FLORESTAL",2019-03-27,2019-03-07,23823.73,"março",2019
112018,154051,"UNIVERSIDADE FEDERAL DE VICOSA","CONCORRENCIA","011752/2018","OBJETO: OBRAS CIVIS PUBLICAS - CONSTRUCAO - EXECUCAO DE OBRA COM FORNECIMENTO TOTAL DE MATERIAL E MAO DE OBRA, SOB O REGIME DE EMPREITADA POR PRECO UNITARIO, NECESSARIOS A EXECUCAO DA SEGUNDA ETAPA DA CONSTRUCAO DA OBRA DESTINADA AO PREDIO DO DEPARTAMENTO DE TECNOLOGIA DE ALIMENTOS, SITUADA NO CAMPUS DA UNIVERSIDADE FEDERAL DE VICOSA, CIDADE DE VICOSA, MINAS GERAIS.","EVENTO DE RESULTADO DE JULGAME",26282,"UNIVERSIDADE FEDERAL DE VICOSA","VICOSA",2019-03-28,NA,6092287.92,"março",2019
112019,154051,"UNIVERSIDADE FEDERAL DE VICOSA","PREGAO","000850/2019","OBJETO: PREGAO ELETRONICO -  ADUBOS QUIMICOS, SULFLURAMIDA, DELTAMETRINA, TEBUCONAZOL.","EVENTO DE RESULTADO DE JULGAME",26282,"UNIVERSIDADE FEDERAL DE VICOSA","VICOSA",2019-03-28,2019-02-18,11103.8,"março",2019
122019,154051,"UNIVERSIDADE FEDERAL DE VICOSA","PREGAO","001119/2019","OBJETO: PREGAO ELETRONICO -  AQUISICAO DE CANECAS PLASTICAS, PARA DISTRIBUICAO A ESTUDANTES DOS TRES CAMPI DA UFV","EVENTO DE RESULTADO DE JULGAME",26282,"UNIVERSIDADE FEDERAL DE VICOSA","VICOSA",2019-03-26,2019-03-15,11700,"março",2019
132019,154051,"UNIVERSIDADE FEDERAL DE VICOSA","PREGAO","001015/2019","OBJETO: PREGAO ELETRONICO -  BANCADAS, DIVISORIAS, RODAPES E SOLEIRAS DE GRANITO TIPO  CINZA ANDORINHA , POLIDO, INCLUSIVE RODOPIAS E TESTEIRAS DE MESMO MATERIAL.","PUBLICADO",26282,"UNIVERSIDADE FEDERAL DE VICOSA","VICOSA",2019-03-15,2019-02-28,9200,"março",2019
142019,154051,"UNIVERSIDADE FEDERAL DE VICOSA","PREGAO","001017/2019","OBJETO: PREGAO ELETRONICO -  BANCADAS E RODAPES DE GRANITO TIPO  CINZA ANDORINHA , POLIDO, INCLUSIVE RODOPIAS E TESTEIRAS DE MESMO MATERIAL, E CUBAS EM ACO INOX POLIDO","PUBLICADO",26282,"UNIVERSIDADE FEDERAL DE VICOSA","VICOSA",2019-03-15,2019-03-01,7960,"março",2019
182019,154051,"UNIVERSIDADE FEDERAL DE VICOSA","PREGAO","001450/2019","OBJETO: PREGAO ELETRONICO -  AQUISICAO DE COMPENSADO E LAMBRIL.","EVENTO DE RESULTADO DE JULGAME",26282,"UNIVERSIDADE FEDERAL DE VICOSA","VICOSA",2019-03-26,2019-03-15,26702,"março",2019
212019,154051,"UNIVERSIDADE FEDERAL DE VICOSA","PREGAO","001589/2019","OBJETO: PREGAO ELETRONICO -  AQUISICAO DE TELHA DE FIBROCIMENTO","EVENTO DE RESULTADO DE JULGAME",26282,"UNIVERSIDADE FEDERAL DE VICOSA","VICOSA",2019-03-22,2019-03-18,55088.6,"março",2019
2072018,154052,"CENTRAL DE ENS.DES.AGRAR.DE FLORESTAL/UFV","PREGAO - REGISTRO DE PRECO","009122/2018","OBJETO: PREGAO ELETRONICO -  REGISTRO DE PRECOS PARA EVENTUAL AQUISICAO DE MATERIAIS PERMANENTES DIVERSOS (ESTANTES, MESAS, PERFURADORA DE PAPEL E OUTROS)","PUBLICADO",26282,"UNIVERSIDADE FEDERAL DE VICOSA","FLORESTAL",2019-03-12,2019-02-20,15880,"março",2019
2422018,154052,"CENTRAL DE ENS.DES.AGRAR.DE FLORESTAL/UFV","PREGAO - REGISTRO DE PRECO","010795/2018","OBJETO: PREGAO ELETRONICO -  EVENTUAL CONFECCAO DE CERCA DE ARAME FARPADO E ALAMBRADO.","EVENTO DE ADIAMENTO PUBLICADO",26282,"UNIVERSIDADE FEDERAL DE VICOSA","FLORESTAL",2019-03-18,2019-02-06,55000,"março",2019
2472018,154052,"CENTRAL DE ENS.DES.AGRAR.DE FLORESTAL/UFV","PREGAO - REGISTRO DE PRECO","011316/2018","OBJETO: PREGAO ELETRONICO -  EVENTUAL AQUISICAO DE MATERIAIS ESPORTIVOS","EVENTO DE ALTERACAO PUBLICADO",26282,"UNIVERSIDADE FEDERAL DE VICOSA","FLORESTAL",2019-03-27,2019-02-08,2490,"março",2019
2522018,154051,"UNIVERSIDADE FEDERAL DE VICOSA","PREGAO","011603/2018","OBJETO: PREGAO ELETRONICO -  CONTRATACAO DE EMPRESA ESPECIALIZADA NA PRESTACAO DE SERVICOS CONTINUADOS DE LIMPEZA, CONSERVACAO E HIGIENIZACAO PARA O ESCRITORIO DE REPRESENTACAO EM BELO HORIZONTE-MG.","EVENTO DE RESULTADO DE JULGAME",26282,"UNIVERSIDADE FEDERAL DE VICOSA","VICOSA",2019-03-26,2019-01-03,31499.58,"março",2019
42019,154051,"UNIVERSIDADE FEDERAL DE VICOSA","INEXIGIBILIDADE DE LICITACAO","003245/2019","OBJETO: PARTICIPACAO DE SERVIDOR EM TREINAMENTO/QUALIFICACAO NO CURSO DE MANUSEIO SEGURO DE PRODUTOS QUIMICOS.","ENCERRADO",26282,"UNIVERSIDADE FEDERAL DE VICOSA","VICOSA",2019-04-30,NA,2250,"abril",2019
82019,154052,"CENTRAL DE ENS.DES.AGRAR.DE FLORESTAL/UFV","DISPENSA DE LICITACAO","002378/2019","OBJETO: CONTRATACAO DE EMPRESA ESPECIALIZADA PARA PRESTACAO DE SERVICOS DE INSTALACAO DE POSTE E CONSERTO DE REDE ELETRICA COM RETIRADA DE MATERIAIS DANIFICADOS.","PUBLICADO",26282,"UNIVERSIDADE FEDERAL DE VICOSA","FLORESTAL",2019-04-08,NA,37403.66,"abril",2019
252019,154051,"UNIVERSIDADE FEDERAL DE VICOSA","PREGAO - REGISTRO DE PRECO","001876/2019","OBJETO: PREGAO ELETRONICO -  AQUISICAO DE CONCRETO USINADO","EVENTO DE RESULTADO DE JULGAME",26282,"UNIVERSIDADE FEDERAL DE VICOSA","VICOSA",2019-04-03,2019-03-22,15600,"abril",2019
342019,154051,"UNIVERSIDADE FEDERAL DE VICOSA","PREGAO","002590/2019","OBJETO: PREGAO ELETRONICO -  AQUISICAO DE MEDALHAS DE HONRA AO MERITO","PUBLICADO",26282,"UNIVERSIDADE FEDERAL DE VICOSA","VICOSA",2019-04-25,2019-04-22,34860,"abril",2019
22019,154051,"UNIVERSIDADE FEDERAL DE VICOSA","TOMADA DE PRECOS","001834/2019","OBJETO: OBRAS CIVIS PUBLICA - EXECUCAO DE REFORMA COM FORNECIMENTO TOTAL DE MATERIAIS, SOB O REGIME DE EMPREITADA POR PRECO UNITARIO, NECESSARIOS A EXECUCAO DA REFORMA DA SALA DE ESTUDOS DA PCD, SITUADA NO CAMPUS DA UNIVERSIDADE FEDERAL DE VICOSA, CIDADE DE VICOSA, MINAS GERAIS.","EVENTO DE RESULTADO DE JULGAME",26282,"UNIVERSIDADE FEDERAL DE VICOSA","VICOSA",2019-05-28,NA,159563.94,"maio",2019
32019,154051,"UNIVERSIDADE FEDERAL DE VICOSA","TOMADA DE PRECOS","001836/2019","OBJETO: EXECUCAO DA REFORMA NO SISTEMA DE COLETA DE AGUAS PLUVIAIS DE GALPOES DA SUINOCULTURA DE CORTE, SITUADO NO CAMPUS DA UNIVERSIDADE FEDERAL DE VICOSA, CIDADE DE VICOSA, MINAS GERAIS.","EVENTO DE REVOGACAO PUBLICADO",26282,"UNIVERSIDADE FEDERAL DE VICOSA","VICOSA",2019-05-09,NA,0,"maio",2019
32019,154051,"UNIVERSIDADE FEDERAL DE VICOSA","INEXIGIBILIDADE DE LICITACAO","011381/2018","OBJETO: AQUISICAO DE LICENCA DE SOFTWARE PARA PROCESSAMENTO DE CALCULOS, DESENHOS E PROJETOS DE TOPOGRAFIA, DENOMINADO METRICA TOPO, INCLUINDO SUPORTE TECNICO, TREINAMENTO PRESENCIAL E ATUALIZACOES DURANTE O PERIODO DE 5 (CINCO) ANOS.","ENCERRADO",26282,"UNIVERSIDADE FEDERAL DE VICOSA","VICOSA",2019-05-08,NA,5500,"maio",2019
42019,154051,"UNIVERSIDADE FEDERAL DE VICOSA","TOMADA DE PRECOS","002696/2019","OBJETO: OBRAS CIVIS PUBLICA - EXECUCAO DE REFORMA COM FORNECIMENTO TOTAL DE MATERIAIS, SOB O REGIME DE EMPREITADA POR PRECO UNITARIO, NECESSARIOS A EXECUCAO DA REFORMA DO LABORATORIO DE ENSINO - BIOLOGIA, SITUADO NO CAMPUS DA UNIVERSIDADE FEDERAL DE VICOSA, CIDADE DE VICOSA, MINAS GERAIS.","EVENTO DE RESULTADO DE JULGAME",26282,"UNIVERSIDADE FEDERAL DE VICOSA","VICOSA",2019-05-24,NA,331234.83,"maio",2019
52019,154051,"UNIVERSIDADE FEDERAL DE VICOSA","PREGAO","000453/2019","OBJETO: PREGAO ELETRONICO -  AQUISICAO DE DETERGENTES, LIQUIDO SECANTE PARA LOUCAS E PANOS DE LIMPEZA.","EVENTO DE SUSPENSAO PUBLICADO",26282,"UNIVERSIDADE FEDERAL DE VICOSA","VICOSA",2019-05-27,2019-05-13,40900,"maio",2019
62019,154051,"UNIVERSIDADE FEDERAL DE VICOSA","INEXIGIBILIDADE DE LICITACAO","003653/2019","OBJETO: TREINAMENTO QUALIFICACAO PROFISSIONAL DE SERVIDORES NO EVENTO   50º FONAI - MEC  A SER REALIZADO NOS DIAS 13 A 17 DE MAIO DE 2019, EM","ENCERRADO",26282,"UNIVERSIDADE FEDERAL DE VICOSA","VICOSA",2019-05-08,NA,3000,"maio",2019
92019,154051,"UNIVERSIDADE FEDERAL DE VICOSA","DISPENSA DE LICITACAO","002662/2019","OBJETO: VARA DE MANOBRA (COM CABECOTE DE MANOBRA TRAVA ANTI-QUEDA E HASTE DE ACO), TIPO TELESCOPIO, MATERIAL FIBRA DE VIDRO, COM MODULAR DE 9 SECOES E COMPRIMENTO ENTRE 11 E 13 METROS.","ENCERRADO",26282,"UNIVERSIDADE FEDERAL DE VICOSA","VICOSA",2019-05-17,NA,4594,"maio",2019
102019,154051,"UNIVERSIDADE FEDERAL DE VICOSA","DISPENSA DE LICITACAO","003603/2019","OBJETO: AQUISICAO DE PLACAS DE IDENTIFICACAO","ENCERRADO",26282,"UNIVERSIDADE FEDERAL DE VICOSA","VICOSA",2019-05-14,NA,11538,"maio",2019
202019,154052,"CENTRAL DE ENS.DES.AGRAR.DE FLORESTAL/UFV","PREGAO - REGISTRO DE PRECO","001612/2019","OBJETO: PREGAO ELETRONICO -  CONTRATACAO DE EMPRESA PARA EVENTUAL PRESTACAO DE SERVICOS DE CORTE E DERRUBADA DE LENHA DE EUCALIPTO.","EVENTO DE ADIAMENTO PUBLICADO",26282,"UNIVERSIDADE FEDERAL DE VICOSA","FLORESTAL",2019-05-15,2019-04-29,41000,"maio",2019
262019,154051,"UNIVERSIDADE FEDERAL DE VICOSA","PREGAO","001899/2019","OBJETO: PREGAO ELETRONICO -  CONTRATACAO DE SERVICOS CONTINUADOS DE PORTARIA/RECEPCAO E SERVICO DE SUPERVISOR DE PESSOAL, PARA OS CAMPI VICOSA, FLORESTA E RIO PARANAIBA.","PUBLICADO",26282,"UNIVERSIDADE FEDERAL DE VICOSA","VICOSA",2019-05-08,2019-03-18,3857390.04,"maio",2019
302019,154051,"UNIVERSIDADE FEDERAL DE VICOSA","PREGAO - REGISTRO DE PRECO","002256/2019","OBJETO: PREGAO ELETRONICO -  SRP - AQUISICAO DE REAGENTES E VIDRARIAS PARA LABAORATORIO","PUBLICADO",26282,"UNIVERSIDADE FEDERAL DE VICOSA","VICOSA",2019-05-28,2019-05-13,183.6,"maio",2019
312019,154052,"CENTRAL DE ENS.DES.AGRAR.DE FLORESTAL/UFV","PREGAO","002322/2019","OBJETO: PREGAO ELETRONICO -  AQUISICAO DE BRINDES PARA ALUNOS E SERVIDORES EM COMEMORACAO AOS 80 ANOS DA CEDAF","PUBLICADO",26282,"UNIVERSIDADE FEDERAL DE VICOSA","FLORESTAL",2019-05-17,2019-04-12,0,"maio",2019
332019,154051,"UNIVERSIDADE FEDERAL DE VICOSA","PREGAO - REGISTRO DE PRECO","002515/2019","OBJETO: PREGAO ELETRONICO -  AQUISICAO DE PISO, AZULEJO, ARGAMASSA E REJUNTE.","EVENTO DE RESULTADO DE JULGAME",26282,"UNIVERSIDADE FEDERAL DE VICOSA","VICOSA",2019-05-27,2019-05-02,715,"maio",2019
362019,154051,"UNIVERSIDADE FEDERAL DE VICOSA","PREGAO","23114.002134/2019","OBJETO: PREGAO ELETRONICO -  AQUISICAO DE MATERIAL DE EXPEDIENTE PARA A UFV - CAMPUS RIO PARANAIBA.","EVENTO DE RESULTADO DE JULGAME",26282,"UNIVERSIDADE FEDERAL DE VICOSA","VICOSA",2019-05-28,2019-05-17,7574.68,"maio",2019
382019,154051,"UNIVERSIDADE FEDERAL DE VICOSA","PREGAO","23114.002720/2019","OBJETO: PREGAO ELETRONICO -  AQUISICAO DE MATERIAL DE LIMPEZA PARA UFV CAMPUS RIO PARANAIBA","EVENTO DE RESULTADO DE JULGAME",26282,"UNIVERSIDADE FEDERAL DE VICOSA","VICOSA",2019-05-29,2019-05-21,39177.43,"maio",2019
412019,154051,"UNIVERSIDADE FEDERAL DE VICOSA","PREGAO","23114.002877/2019","OBJETO: PREGAO ELETRONICO -  AQUISICAO DE ITENS DE INFORMATICA PARA CPD CAMPUS RIO PARANAIBA.","EVENTO DE RESULTADO DE JULGAME",26282,"UNIVERSIDADE FEDERAL DE VICOSA","VICOSA",2019-05-28,2019-05-21,8064.53,"maio",2019
432018,154051,"UNIVERSIDADE FEDERAL DE VICOSA","INEXIGIBILIDADE DE LICITACAO","011381/2018","OBJETO: AQUISICAO DE LICENCA DE SOFTWARE PARA PROCESSAMENTO DE CALCULOS, DESENHOS E PROJETOS DE TOPOGRAFIA, DENOMINADO METRICA TOPO, INCLUINDO SUPORTE TECNICO, TREINAMENTO PRESENCIAL E ATUALIZACOES DURANTE O PERIODO DE 5 (CINCO) ANOS.","ENCERRADO",26282,"UNIVERSIDADE FEDERAL DE VICOSA","VICOSA",2019-05-07,NA,5500,"maio",2019
432019,154051,"UNIVERSIDADE FEDERAL DE VICOSA","PREGAO","003187/2019","OBJETO: PREGAO ELETRONICO -  AQUISICAO DE MATERIAL DE ESCRITORIO, HOSPITALAR, LABORATORIO E OUTROS","PUBLICADO",26282,"UNIVERSIDADE FEDERAL DE VICOSA","VICOSA",2019-05-27,2019-05-16,5668.54,"maio",2019
12019,154051,"UNIVERSIDADE FEDERAL DE VICOSA","TOMADA DE PRECOS","001839/2019","OBJETO: EXECUCAO DA REFORMA E ADEQUACAO DO SISTEMA DE PREVENCAO E COMBATE A INCENDIO E PANICO DO CENTRO DE VIVENCIA E ESPACO MULTIUSO (IM 3518)   CAMPUS VICOSA, SITUADO NO CAMPUS DA UNIVERSIDADE FEDERAL DE VICOSA, MINAS GERAIS.","EVENTO DE RESULTADO DE JULGAME",26282,"UNIVERSIDADE FEDERAL DE VICOSA","VICOSA",2019-06-19,NA,791999.55,"junho",2019
52019,154051,"UNIVERSIDADE FEDERAL DE VICOSA","INEXIGIBILIDADE DE LICITACAO","003436/2019","OBJETO: AQUISICAO DE ANALISADOR BIOQUIMICO AUTOMATICO PARA ATENDER O HOSPITAL VETERINARIO.","PUBLICADO",26282,"UNIVERSIDADE FEDERAL DE VICOSA","VICOSA",2019-06-11,NA,84500,"junho",2019
72019,154052,"CENTRAL DE ENS.DES.AGRAR.DE FLORESTAL/UFV","INEXIGIBILIDADE DE LICITACAO","004194/2019","OBJETO: AQUISICAO DE LICENCIAMENTO DE DIREITOS DE USO DE SOFTWARE PARA ATENDER NECESSIDADES DE ENSINO E PESQUISA NA UFV CAMPUS FLORESTAL","EVENTO DE ANULACAO PUBLICADO",26282,"UNIVERSIDADE FEDERAL DE VICOSA","FLORESTAL",2019-06-07,NA,7073.29,"junho",2019
112019,154051,"UNIVERSIDADE FEDERAL DE VICOSA","DISPENSA DE LICITACAO","003939/2019","OBJETO: CONTRATACAO DE INSTITUICAO DE APOIO PARA GESTAO DOS RECURSOS ORIUNDOS DO 6º TERMO ADITIVO AO TED Nº 1071/2013-DPP, FIRMADO ENTRE O DNIT  E A UFV.","RETIFICACAO",26282,"UNIVERSIDADE FEDERAL DE VICOSA","VICOSA",2019-06-11,NA,1859561.45,"junho",2019
132019,154051,"UNIVERSIDADE FEDERAL DE VICOSA","DISPENSA DE LICITACAO","003942/2019","OBJETO: CONTRATACAO DE EMPRESA PARA SERVICOS DE ESPALHAMENTO E POLIMENTO DE CONCRETO INCLUINDO AS CONSTRUCOES DAS JUNTAS DE DILATACAO PARA ADEQUACAO DE ESPACO LOCALIZADONA DIVISAO DE TRANSPORTES (CAMPUS-UFV) PARA IMPLANTACAO DE TANQUE DE COMBUSTIVEL.","ENCERRADO",26282,"UNIVERSIDADE FEDERAL DE VICOSA","VICOSA",2019-06-14,NA,3014,"junho",2019
142019,154051,"UNIVERSIDADE FEDERAL DE VICOSA","DISPENSA DE LICITACAO","23114.004186/2019","OBJETO: CONTRATACAO DE SERVICO DE ASSINATURA DE PUBLICACAO INFORMATIZADA DE NORMAS TECNICAS PARA USO DA UFV CAMPUS RIO PARANAIBA","ENCERRADO",26282,"UNIVERSIDADE FEDERAL DE VICOSA","VICOSA",2019-06-19,NA,2750,"junho",2019
152019,154052,"CENTRAL DE ENS.DES.AGRAR.DE FLORESTAL/UFV","DISPENSA DE LICITACAO","004302/2019","OBJETO: AQUISICAO DE HORTIFRUTIGRANJEIROS PARA O RESTAURANTE UNIVERSITARIO DA UFV CAMPUS FLORESTAL PELO PERIODO DE 60 DIAS DURANTE PROCESSO DE CONCESSAO ONEROSA PARA O NOVO RESTAURANTE UNIVERSITARIO","ANULACAO",26282,"UNIVERSIDADE FEDERAL DE VICOSA","FLORESTAL",2019-06-25,NA,17516.38,"junho",2019
202019,154052,"CENTRAL DE ENS.DES.AGRAR.DE FLORESTAL/UFV","DISPENSA DE LICITACAO","004329/2019","OBJETO: PRESTACAO DE SERVICOS DE PORTARIA/RECEPCAO - CONTRATACAO DE REMANESCENTE DE LICITACAO, APOS RESCISAO DO CONTRATO INICIAL DO PREGAO 202/2018, BASEADO NA LEI 8.666/93 - ART. 24, INCISO XI","PUBLICADO",26282,"UNIVERSIDADE FEDERAL DE VICOSA","FLORESTAL",2019-06-27,NA,517873.25,"junho",2019
212019,154052,"CENTRAL DE ENS.DES.AGRAR.DE FLORESTAL/UFV","DISPENSA DE LICITACAO","004302/2019","OBJETO: AQUISICAO DE HORTIFRUTIGRANJEIROS PARA O RESTAURANTE UNIVERSITARIO DA UFV CAMPUS FLORESTAL PELO PERIODO DE 60 DIAS","PUBLICADO",26282,"UNIVERSIDADE FEDERAL DE VICOSA","FLORESTAL",2019-06-28,NA,17516.38,"junho",2019
222019,154051,"UNIVERSIDADE FEDERAL DE VICOSA","PREGAO","001766/2019","OBJETO: PREGAO ELETRONICO -  CONTRATACAO DOS SERVICOS DE HOSPEDAGEM PARA OS ALUNOS DO CURSO DE LICENCIATURA EM EDUCACAO NO CAMPO, NOS PERIODOS ESCOLA PRESENCIAIS.","PUBLICADO",26282,"UNIVERSIDADE FEDERAL DE VICOSA","VICOSA",2019-06-27,2019-06-24,206000,"junho",2019
422019,154051,"UNIVERSIDADE FEDERAL DE VICOSA","PREGAO - REGISTRO DE PRECO","003174/2019","OBJETO: PREGAO ELETRONICO -  AQUISICAO DE PRODUTOS QUIMICOS PARA TRATAMENTO E ANALISE DE AGUA.","EVENTO DE RESULTADO DE JULGAME",26282,"UNIVERSIDADE FEDERAL DE VICOSA","VICOSA",2019-06-17,2019-05-20,12300,"junho",2019
442019,154052,"CENTRAL DE ENS.DES.AGRAR.DE FLORESTAL/UFV","PREGAO","003220/2019","OBJETO: PREGAO ELETRONICO -  AQUISICAO DE MATERIAIS ODONTOLOGICOS E HOSPITALARES EM GERAL.","PUBLICADO",26282,"UNIVERSIDADE FEDERAL DE VICOSA","FLORESTAL",2019-06-04,2019-05-21,8234.16,"junho",2019
452019,154052,"CENTRAL DE ENS.DES.AGRAR.DE FLORESTAL/UFV","PREGAO","003255/2019","OBJETO: PREGAO ELETRONICO -  CONTRATACAO DE SERVICOS PARA A 50 ª SEMANA DO PRODUTOR RURAL DA UFV CAMPUS FLORESTAL","PUBLICADO",26282,"UNIVERSIDADE FEDERAL DE VICOSA","FLORESTAL",2019-06-18,2019-05-31,36645.67,"junho",2019
462019,154052,"CENTRAL DE ENS.DES.AGRAR.DE FLORESTAL/UFV","PREGAO - REGISTRO DE PRECO","003537/2019","OBJETO: PREGAO ELETRONICO -  EVENTUAL CONTRATACAO DE SERVICOS NAO CONTINUADOS DE DECORACAO, CERIMONIAL E INFRAESTRUTURA, VISANDO ATENDER AS NECESSIDADES DAS CERIMONIAS DE CERTIFICACAO DOS CURSOS TECNICOS E COLACAO DE GRAU DOS CURSOS SUPERIORES DA UNIVERSIDADE FEDERAL DE VICOSA   CAMPUS FLORESTAL, NO ANO DE 2019/2020, QUE ACONTECERAO NO GINASIO POLIESPORTIVO (CAMPUS UFV FLORESTAL)","PUBLICADO",26282,"UNIVERSIDADE FEDERAL DE VICOSA","FLORESTAL",2019-06-19,2019-06-19,11087.43,"junho",2019
522019,154051,"UNIVERSIDADE FEDERAL DE VICOSA","PREGAO","003899/2019","OBJETO: PREGAO ELETRONICO -  CONTRATACAO DE PESSOA JURIDICA ESPECIALIZADA EM PRESTACAO DE SERVICOS NAO CONTINUADOS DE LOCACAO TRANSPORTE, MONTAGEM, DESMONTAGEM E MANUTENCAO DE ESTANDES, MOBILIARIOS, CARPETES E ACESSORIOS.","PUBLICADO",26282,"UNIVERSIDADE FEDERAL DE VICOSA","VICOSA",2019-06-14,2019-06-05,190000,"junho",2019
562019,154051,"UNIVERSIDADE FEDERAL DE VICOSA","PREGAO","004109/2019","OBJETO: PREGAO ELETRONICO -  AQUISICAO DE RACAO (CAMUNDONGO E PEIXE)","PUBLICADO",26282,"UNIVERSIDADE FEDERAL DE VICOSA","VICOSA",2019-06-19,2019-06-19,9100,"junho",2019
622019,154051,"UNIVERSIDADE FEDERAL DE VICOSA","PREGAO","23114.004050/2019","OBJETO: PREGAO ELETRONICO -  CONTRATACAO DE EMPRESA PARA PRESTACAO DE SERVICOS NAO CONTINUADOS DE SONORIZACAO, DECORACAO E LOCACAO E MONTAGEM DE ESTRUTURA PARA COLACAO DE GRAU 2019-I DO CAMPUS RIO PARANAIBA.","EVENTO DE RESULTADO DE JULGAME",26282,"UNIVERSIDADE FEDERAL DE VICOSA","VICOSA",2019-06-28,2019-06-25,23150,"junho",2019
2592018,154052,"CENTRAL DE ENS.DES.AGRAR.DE FLORESTAL/UFV","PREGAO","012513/2018","OBJETO: PREGAO ELETRONICO -  CONCESSAO ADMINISTRATIVA ONEROSA DE USO DE ESPACO FISICO PARA SERVICOS CONTINUADOS DE PRODUCAO E DISTRIBUICAO DE REFEICOES NO RESTAURANTE UNIVERSITARIO DA UFV CAMPUS FLORESTAL.","EVENTO DE ALTERACAO PUBLICADO",26282,"UNIVERSIDADE FEDERAL DE VICOSA","FLORESTAL",2019-06-10,2019-05-13,2539624.3,"junho",2019
82019,154051,"UNIVERSIDADE FEDERAL DE VICOSA","INEXIGIBILIDADE DE LICITACAO","004571/2019","OBJETO: AQUISICAO DE EQUIPAMENTO CROMATOGRAFO HPLC.","EVENTO DE REVOGACAO PUBLICADO",26282,"UNIVERSIDADE FEDERAL DE VICOSA","VICOSA",2019-07-22,NA,155000,"julho",2019
92019,154051,"UNIVERSIDADE FEDERAL DE VICOSA","INEXIGIBILIDADE DE LICITACAO","004778/2019","OBJETO: AQUISICAO DE SISTEMA DE ELETROFORESE (BIO-RAD)","ENCERRADO",26282,"UNIVERSIDADE FEDERAL DE VICOSA","VICOSA",2019-07-18,NA,5859.76,"julho",2019
102019,154052,"CENTRAL DE ENS.DES.AGRAR.DE FLORESTAL/UFV","INEXIGIBILIDADE DE LICITACAO","004194/2019","OBJETO: CONCESSAO TEMPORARIA  DE LICENCA DE SOFTWARE PARA USO EM DISCIPLINAS DO CURSO DE ADMINISTRACAO DE UFV CAMPUS FLORESTAL SENDO UTILIZADAS 3 LICENCAS PARA ESTE FIM.","PUBLICADO",26282,"UNIVERSIDADE FEDERAL DE VICOSA","FLORESTAL",2019-07-16,NA,7073.28,"julho",2019
122019,154051,"UNIVERSIDADE FEDERAL DE VICOSA","INEXIGIBILIDADE DE LICITACAO","005010/2019","OBJETO: TREINAMENTO QUALIFICACAO PROFISSIONAL CURSO BASICO DE ELABORACAO DE PROJETOS DE PREVENCAO CONTRA INCENDIO E PANICO.","ENCERRADO",26282,"UNIVERSIDADE FEDERAL DE VICOSA","VICOSA",2019-07-25,NA,1380,"julho",2019
192019,154051,"UNIVERSIDADE FEDERAL DE VICOSA","DISPENSA DE LICITACAO","004195/2019","OBJETO: CONTRATACAO DE INSTITUICAO DE APOIO PARA GESTAO DE RECURSOS ORIUNDO DA EMENDA PARLAMENTAR 37080007.","PUBLICADO",26282,"UNIVERSIDADE FEDERAL DE VICOSA","VICOSA",2019-07-02,NA,150000,"julho",2019
222019,154051,"UNIVERSIDADE FEDERAL DE VICOSA","DISPENSA DE LICITACAO","004742/2019","OBJETO: LAMPADAS PARA ESPECTROMETRO DE ABSORCAO ATOMICA.","ENCERRADO",26282,"UNIVERSIDADE FEDERAL DE VICOSA","VICOSA",2019-07-23,NA,2451.98,"julho",2019
232019,154051,"UNIVERSIDADE FEDERAL DE VICOSA","DISPENSA DE LICITACAO","004816/2019","OBJETO: CONTRATACAO DOS SERVICOS DE ARBITRAGEM PARA OS JOGOS DO EVENTO INTERATLETICAS EM 2019.","ENCERRADO",26282,"UNIVERSIDADE FEDERAL DE VICOSA","VICOSA",2019-07-23,NA,17500.8,"julho",2019
242019,154051,"UNIVERSIDADE FEDERAL DE VICOSA","DISPENSA DE LICITACAO","004830/2019","OBJETO: CONTRATACAO DE SERVICOS NAO CONTINUADOS DE COLETA E ANALISE DE AGUA.","ENCERRADO",26282,"UNIVERSIDADE FEDERAL DE VICOSA","VICOSA",2019-07-24,NA,5800,"julho",2019
282019,154051,"UNIVERSIDADE FEDERAL DE VICOSA","PREGAO","002174/2019","OBJETO: PREGAO ELETRONICO -  CONTRATACAO DE PESSOA JURIDICA ESPECIALIZADA, PARA PRESTACAO DE SERVICOS DE DESINSETIZACAO, DESRATIZACAO E DETETIZACAO","EVENTO DE RESULTADO DE JULGAME",26282,"UNIVERSIDADE FEDERAL DE VICOSA","VICOSA",2019-07-04,2019-06-24,7508,"julho",2019
322019,154051,"UNIVERSIDADE FEDERAL DE VICOSA","PREGAO","002437/2019","OBJETO: PREGAO ELETRONICO -  AQUISICAO DE COMPUTADOR SERVIDOR","PUBLICADO",26282,"UNIVERSIDADE FEDERAL DE VICOSA","VICOSA",2019-07-11,2019-07-03,21000,"julho",2019
372019,154051,"UNIVERSIDADE FEDERAL DE VICOSA","PREGAO","002920/2019","OBJETO: PREGAO ELETRONICO -  CONTRATACAO DE EMPRESA DE SERVICOS DE TRANSPORTE RODOVIARIO DE PASSAGEIROS COM AUTOMOVEL E MOTORISTA.","EVENTO DE RESULTADO DE JULGAME",26282,"UNIVERSIDADE FEDERAL DE VICOSA","VICOSA",2019-07-12,2019-07-02,654000,"julho",2019
402019,154051,"UNIVERSIDADE FEDERAL DE VICOSA","PREGAO - REGISTRO DE PRECO","003045/2019","OBJETO: PREGAO ELETRONICO -  SRP - AQUISICAO DE GENEROS ALIMENTICIOS","PUBLICADO",26282,"UNIVERSIDADE FEDERAL DE VICOSA","VICOSA",2019-07-11,2019-07-05,1320,"julho",2019
482019,154051,"UNIVERSIDADE FEDERAL DE VICOSA","PREGAO - REGISTRO DE PRECO","003705/2019","OBJETO: PREGAO ELETRONICO -  REGISTRO DE PRECO PARA AQUISICAO DE REFIL CARIMBOS, SERVICOS DE CHAVEIRO","EVENTO DE ALTERACAO PUBLICADO",26282,"UNIVERSIDADE FEDERAL DE VICOSA","VICOSA",2019-07-11,2019-07-08,6996,"julho",2019
492019,154051,"UNIVERSIDADE FEDERAL DE VICOSA","PREGAO - REGISTRO DE PRECO","003719/2019","OBJETO: PREGAO ELETRONICO -  REGISTRO DE PRECOS PARA AQUISICAO DE MATERIAIS DE LABORATORIO, VIDRARIAS E OUTROS","PUBLICADO",26282,"UNIVERSIDADE FEDERAL DE VICOSA","VICOSA",2019-07-10,2019-07-01,800.5,"julho",2019
502019,154051,"UNIVERSIDADE FEDERAL DE VICOSA","PREGAO","003790/2019","OBJETO: PREGAO ELETRONICO -  CONTRATACAO DE SERVICOS DE MANUTENCAO PREDIAL.","PUBLICADO",26282,"UNIVERSIDADE FEDERAL DE VICOSA","VICOSA",2019-07-01,2019-06-03,5276022.84,"julho",2019
532019,154051,"UNIVERSIDADE FEDERAL DE VICOSA","PREGAO","003946/2019","OBJETO: PREGAO ELETRONICO -  AQUISICAO DE MATERIAIS DE INFORMATICA, ELETRICOS E ELETRONICOS.","PUBLICADO",26282,"UNIVERSIDADE FEDERAL DE VICOSA","VICOSA",2019-07-09,2019-06-24,4536.67,"julho",2019
542019,154051,"UNIVERSIDADE FEDERAL DE VICOSA","PREGAO","003812/2019","OBJETO: PREGAO ELETRONICO -  AQUISICAO DE LAMPADAS LED, POTENCIA NOMINAL DE 18W E 9W","PUBLICADO",26282,"UNIVERSIDADE FEDERAL DE VICOSA","VICOSA",2019-07-05,2019-07-01,5919.5,"julho",2019
572019,154051,"UNIVERSIDADE FEDERAL DE VICOSA","PREGAO","004111/2019","OBJETO: PREGAO ELETRONICO -  AQUISICAO DE MATERIAIS DE EXPEDIENTE, PAPELARIAS E LIMPEZA","PUBLICADO",26282,"UNIVERSIDADE FEDERAL DE VICOSA","VICOSA",2019-07-10,2019-06-25,62004.25,"julho",2019
582019,154051,"UNIVERSIDADE FEDERAL DE VICOSA","PREGAO","23114.004060/2019","OBJETO: PREGAO ELETRONICO -  AQUISICAO DE CLINOMETRO, SCANNER DE MESA, UNIDADE DE DISCO TIPO CPU, TELEFONE SEM FIO, ENCERADEIRA INDUSTRIAL E OUTROS ITENS DE NATUREZA PERMANENTE PARA UFV CAMPUS RIO PARANAIBA","EVENTO DE RESULTADO DE JULGAME",26282,"UNIVERSIDADE FEDERAL DE VICOSA","VICOSA",2019-07-09,2019-07-05,15583.18,"julho",2019
592019,154051,"UNIVERSIDADE FEDERAL DE VICOSA","PREGAO","004218/2019","OBJETO: PREGAO ELETRONICO -  CONTRATACAO DE EMPRESA ESPECIALIZADA NA PRESTACAO DE SERVICOS DE ADMINISTRACAO, GERENCIAMENTO E CONTROLE DA MANUTENCAO PREVENTIVA E CORRETIVA, FORNECIMENTO DE PECAS, ACESSORIOS ORIGINAIS DE REPOSICAO E TRANSPORTE POR GUINCHO, COM IMPLANTACAO E OPERACAO DE SISTEMA INFORMATIZADO E INTEGRADO PARA GESTAO DE FROTA, POR MEIO DE INTERNET, ATRAVES DE REDE DE ESTABELECIMENTO CREDENCIADOS, MEDIANTE UTILIZACAO DE SISTEMA INFORMATIZADO E DE RECURSOS TECNOLOGICOS PARA ATENDER A FROTA AUTOMOTIVA E","EVENTO DE RESULTADO DE JULGAME",26282,"UNIVERSIDADE FEDERAL DE VICOSA","VICOSA",2019-07-12,2019-07-08,686493.62,"julho",2019
602019,154051,"UNIVERSIDADE FEDERAL DE VICOSA","PREGAO","004248/2019","OBJETO: PREGAO ELETRONICO -  CONTRATACAO DOS SERVICOS DE PUBLICACAO EM JORNAL DE GRANDE CIRCULACAO NO ESTADO DE MINAS GERAIS.","EVENTO DE RESULTADO DE JULGAME",26282,"UNIVERSIDADE FEDERAL DE VICOSA","VICOSA",2019-07-05,2019-06-26,29999.9,"julho",2019
632019,154051,"UNIVERSIDADE FEDERAL DE VICOSA","PREGAO","004262/2019","OBJETO: PREGAO ELETRONICO -  AQUISICAO DE APARELHOS/EQUIPAMENTOS LABORATORIO","PUBLICADO",26282,"UNIVERSIDADE FEDERAL DE VICOSA","VICOSA",2019-07-26,2019-07-12,48046.96,"julho",2019
652019,154051,"UNIVERSIDADE FEDERAL DE VICOSA","PREGAO","004344/2019","OBJETO: PREGAO ELETRONICO -  HIGIENIZACAO DE ARTIGOS DE TECIDO, SERVICOS DE LAVANDERIA, LIMPEZA E TINTURARIA.","PUBLICADO",26282,"UNIVERSIDADE FEDERAL DE VICOSA","VICOSA",2019-07-15,2019-07-12,4497.5,"julho",2019
82019,154051,"UNIVERSIDADE FEDERAL DE VICOSA","DISPENSA DE LICITACAO","004571/2019","OBJETO: AQUISICAO DE CROMATOGRAFO HPLC","PUBLICADO",26282,"UNIVERSIDADE FEDERAL DE VICOSA","VICOSA",2019-08-30,NA,155000,"agosto",2019
132019,154052,"CENTRAL DE ENS.DES.AGRAR.DE FLORESTAL/UFV","INEXIGIBILIDADE DE LICITACAO","005043/2019","OBJETO: CONTRATACAO DA EMPRESA PUPO COZINHA INDUSTRIAL EIRELI, INSCRITA NO CNPJ SOB Nº 04.449.984-0001/43, PARA CONCESSAO ONEROSA DE ESPACO FISICO PELO PERIODO DE 12 MESES, ONDE SERAO PRESTADOS OS SERVICOS CONTINUADOS DE PRODUCAO E FORNECIMENTO DE REFEICOES, DE ACORDO COM PROCESSO 012513/2018, PREGAO ELETRONICO 259/2018, CONTRATO Nº 074/2019","PUBLICADO",26282,"UNIVERSIDADE FEDERAL DE VICOSA","FLORESTAL",2019-08-01,NA,108000,"agosto",2019
142019,154051,"UNIVERSIDADE FEDERAL DE VICOSA","INEXIGIBILIDADE DE LICITACAO","005148/2019","OBJETO: CONTRACAO DE TREINAMENTO EM EVENTO : SEMINARIO NACIONAL DE GESTAO DE RISCOS E INTEGRIDADE NO SETOR PUBLICO.","ENCERRADO",26282,"UNIVERSIDADE FEDERAL DE VICOSA","VICOSA",2019-08-07,NA,3390,"agosto",2019
152019,154051,"UNIVERSIDADE FEDERAL DE VICOSA","PREGAO","011983/2018","OBJETO: PREGAO ELETRONICO -  AQUISICAO DE EQUIPAMENTOS DE SEGURANCA ELETRONICA.","PUBLICADO",26282,"UNIVERSIDADE FEDERAL DE VICOSA","VICOSA",2019-08-09,2019-03-01,60565.24,"agosto",2019
252019,154052,"CENTRAL DE ENS.DES.AGRAR.DE FLORESTAL/UFV","DISPENSA DE LICITACAO","005084/2019","OBJETO: DESMONTAGEM GERAL DE NOBREAK E PLACAS PARA TESTES E VERIFICACAO DOS COMPONENTES EM BANCADA, REPOSICAO DOS COMPONENTES DANIFICADOS E STARTUP, VERIFICACAO DE TRILHAS TIRISTORES, RESISTORES, TRANSISTORES, TRANSFORMADOR, FUSIVEIS E DEMAIS COMPONENTES QUE FOREM NECESSARIOS PARA O CORRETO FUNCIONAMENTO.","PUBLICADO",26282,"UNIVERSIDADE FEDERAL DE VICOSA","FLORESTAL",2019-08-14,NA,7868.98,"agosto",2019
272019,154051,"UNIVERSIDADE FEDERAL DE VICOSA","PREGAO - REGISTRO DE PRECO","001875/2019","OBJETO: PREGAO ELETRONICO -  AQUISICAO DE LENHA CORTADA PARA ABASTECIMENTO DE CALDEIRAS","PUBLICADO",26282,"UNIVERSIDADE FEDERAL DE VICOSA","VICOSA",2019-08-08,2019-04-11,78100,"agosto",2019
272019,154051,"UNIVERSIDADE FEDERAL DE VICOSA","DISPENSA DE LICITACAO","23114.005552/2019","OBJETO: CONTRATACAO DE PESSOA JURIDICA ESPECIALIZADA PARA A AQUISICAO DE ENVELOPES, TIPO SACO COMUM, DE MATERIAL PAPEL KRAFT, COR PARDA, GRAMATURA 80 G/M², PARA A UNIVERIDADE FEDERAL DE VICOSA - CAMPUS RIO PARANAIBA.","ENCERRADO",26282,"UNIVERSIDADE FEDERAL DE VICOSA","VICOSA",2019-08-29,NA,2750,"agosto",2019
552019,154051,"UNIVERSIDADE FEDERAL DE VICOSA","PREGAO - REGISTRO DE PRECO","004113/2019","OBJETO: PREGAO ELETRONICO -  IRP PARA AQUISICAO DE VIDRARIAS, MATERIAIS LABORATORIAIS E HOSPITALARES","PUBLICADO",26282,"UNIVERSIDADE FEDERAL DE VICOSA","VICOSA",2019-08-09,2019-08-07,230.4,"agosto",2019
612019,154051,"UNIVERSIDADE FEDERAL DE VICOSA","PREGAO","004247/2019","OBJETO: PREGAO ELETRONICO -  AQUISICAO DE REAGENTES, MEDICAMENTOS, MATERIAIS DE LABORATORIOS E HOSPITALARES","PUBLICADO",26282,"UNIVERSIDADE FEDERAL DE VICOSA","VICOSA",2019-08-05,2019-07-26,8129.34,"agosto",2019
642019,154052,"CENTRAL DE ENS.DES.AGRAR.DE FLORESTAL/UFV","PREGAO","004328/2019","OBJETO: PREGAO ELETRONICO -  CONTRATACAO DE PESSOA JURIDICA PARA PRESTACAO DE SERVICOS DE MONTAGEM, DESMONTAGEM, TRANSPORTE E MANUTENCAO DE ESTRUTURAS, MOBILIARIOS E ACESSORIOS ADSTRITA AO OBJETIVO DE ATENDER A DEMANDA DA FEIRA DE CIENCIAS, EDUCACAO, TECNOLOGIA E CULTURA, SIMPOSIO DE INTEGRACAO ACADEMICA (SIA), SEMANA DA CIENCIA E MOSTRA DE PROFISSOES DO CAMPUS FLORESTAL, A SER REALIZADA NAS DATAS DE  21 A 26 DE OUTUBRO DE 2019, NO CAMPUS UFV - FLORESTAL, MINAS GERAIS.","PUBLICADO",26282,"UNIVERSIDADE FEDERAL DE VICOSA","FLORESTAL",2019-08-07,2019-08-05,14499.52,"agosto",2019
662019,154052,"CENTRAL DE ENS.DES.AGRAR.DE FLORESTAL/UFV","PREGAO","004394/2019","OBJETO: PREGAO ELETRONICO -  CONTRATACAO DE EMPRESA ESPECIALIZADA PARA A PRESTACAO DE SERVICOS CONTINUADOS DE JARDINAGEM E CONSERVACAO DE PARQUES E JARDINS, EM ATENDIMENTO A DEMANDA DA UFV   CAF.","EVENTO DE SUSPENSAO PUBLICADO",26282,"UNIVERSIDADE FEDERAL DE VICOSA","FLORESTAL",2019-08-07,2019-08-02,509448.24,"agosto",2019
672019,154051,"UNIVERSIDADE FEDERAL DE VICOSA","PREGAO - REGISTRO DE PRECO","004196/2019","OBJETO: PREGAO ELETRONICO -  REGISTRO DE PRECOS PARA CONTRATACAO DE EMPRESA ESPECIALIZADA PARA PRESTACAO DE SERVICOS DE CERTIFICACAO DIGITAL.","PUBLICADO",26282,"UNIVERSIDADE FEDERAL DE VICOSA","VICOSA",2019-08-26,2019-08-06,10451.25,"agosto",2019
692019,154051,"UNIVERSIDADE FEDERAL DE VICOSA","PREGAO","004634/2019","OBJETO: PREGAO ELETRONICO -  CONTRATACAO DE EMPRESA, PARA PRESTACAO DE SERVICO DE INSTALACAO DE PELICULA DE PROTECAO - TIPO INSUFILM.","PUBLICADO",26282,"UNIVERSIDADE FEDERAL DE VICOSA","VICOSA",2019-08-05,2019-07-30,2200,"agosto",2019
702019,154051,"UNIVERSIDADE FEDERAL DE VICOSA","PREGAO","23114.004725/2019","OBJETO: PREGAO ELETRONICO -  AQUISICAO DE LAMPADAS FLUORESCENTES, LAMPADAS DE LED E REATORES DE LAMPADAS PARA UFV CAMPUS RIO PARANAIBA","PUBLICADO",26282,"UNIVERSIDADE FEDERAL DE VICOSA","VICOSA",2019-08-29,2019-08-19,28559.5,"agosto",2019
712019,154051,"UNIVERSIDADE FEDERAL DE VICOSA","PREGAO","23114.003352/2019","OBJETO: PREGAO ELETRONICO -  CONTRATACAO DE SERVICO NAO CONTINUADO DE DESINSETIZACAO E DESRATIZACAO, PARA CONTROLE DE PRAGAS, ROEDORES E INSETOS, EM CARATER PREVENTIVO NAS DEPENDENCIAS DA UFV CAMPUS RIO PARANAIBA.","PUBLICADO",26282,"UNIVERSIDADE FEDERAL DE VICOSA","VICOSA",2019-08-07,2019-08-06,7496,"agosto",2019
742019,154051,"UNIVERSIDADE FEDERAL DE VICOSA","PREGAO","004807/2019","OBJETO: PREGAO ELETRONICO -  AQUISICAO DE MATERIAL MATERIAIS DIVERSOS EXPEDIENTE/ESCRITORIO","PUBLICADO",26282,"UNIVERSIDADE FEDERAL DE VICOSA","VICOSA",2019-08-26,2019-08-06,88258.48,"agosto",2019
752019,154051,"UNIVERSIDADE FEDERAL DE VICOSA","PREGAO","004808/2019","OBJETO: PREGAO ELETRONICO -  AQUISICAO DE APARELHOS ELETRODOMESTICOS (SECADOR CABELO, VENTILADOR DE PAREDE, LIQUIDIFICADOR, ETC), CADEIRAS ESCOLAR E OUTROS.","PUBLICADO",26282,"UNIVERSIDADE FEDERAL DE VICOSA","VICOSA",2019-08-19,2019-08-05,22737.16,"agosto",2019
762019,154051,"UNIVERSIDADE FEDERAL DE VICOSA","PREGAO","004810/2019","OBJETO: PREGAO ELETRONICO -  AQUISICAO DE EQUIPAMENTOS PARA LABORATORIO","PUBLICADO",26282,"UNIVERSIDADE FEDERAL DE VICOSA","VICOSA",2019-08-06,2019-08-02,13663.65,"agosto",2019
782019,154051,"UNIVERSIDADE FEDERAL DE VICOSA","PREGAO","23114.004726/2019","OBJETO: PREGAO ELETRONICO -  AQUISICAO DE ITENS DIVERSOS DE CONSUMO PARA INFORMATICA, ALGUNS ITENS DE LIMPEZA E ALGUNS ITENS DE PAPELARIA PARA UFV CAMPUS RIO PARANAIBA.","PUBLICADO",26282,"UNIVERSIDADE FEDERAL DE VICOSA","VICOSA",2019-08-20,2019-08-09,26624.07,"agosto",2019
792019,154051,"UNIVERSIDADE FEDERAL DE VICOSA","PREGAO","23114.004832/2019","OBJETO: PREGAO ELETRONICO -  AQUISICAO DE BALANCA DE PRECISAO, BALANCA ELETRONICA, COLORIMETRO, MINI FABRICA PARA PRODUCAO DE CACHACA E OUTROS EQUIPAMENTOS DE LABORATORIO PARA UFV CAMPUS RIO PARANAIBA","PUBLICADO",26282,"UNIVERSIDADE FEDERAL DE VICOSA","VICOSA",2019-08-23,2019-08-09,45245.95,"agosto",2019
812019,154051,"UNIVERSIDADE FEDERAL DE VICOSA","PREGAO","005108/2019","OBJETO: PREGAO ELETRONICO -  AQUISICAO DE RACOO PARA CAMUNDONGO E INSUMOS PARA FABRICACAO DE RACAO","PUBLICADO",26282,"UNIVERSIDADE FEDERAL DE VICOSA","VICOSA",2019-08-19,2019-08-14,22461.11,"agosto",2019
82019,154051,"UNIVERSIDADE FEDERAL DE VICOSA","TOMADA DE PRECOS","005226/2019","OBJETO: OBRAS CIVIS PUBLICA - EXECUCAO DE ADAPTACAO COM FORNECIMENTO TOTAL DE MATERIAIS, SOB O REGIME DE EMPREITADA POR PRECO UNITARIO, NECESSARIOS A EXECUCAO DE ADAPTACOES NO CENTRO DE ATENDIMENTO AO PUBLICO, SITUADO NO CAMPUS DA UNIVERSIDADE FEDERAL DE VICOSA, CIDADE DE VICOSA, MINAS GERAIS. AREA TOTAL A SER ADAPTADA IGUAL A 113,96 M².   OBRAS E SERVICOS A SEREM EXECUTADOS EM CONFORMIDADE COM AS NORMAS TECNICAS EM VIGOR, PROJETO BASICO, ESPECIFICACOES, CADERNO DE ENCARGOS, PLANILHAS E DETALHAMENTOS CONFORME AP","EVENTO DE REVOGACAO PUBLICADO",26282,"UNIVERSIDADE FEDERAL DE VICOSA","VICOSA",2019-09-13,NA,0,"setembro",2019
92019,154051,"UNIVERSIDADE FEDERAL DE VICOSA","TOMADA DE PRECOS","005228/2019","OBJETO: EXECUCAO DE ESQUADRIAS PARA BANHEIRO E RECEPCAO DO DEPARTAMENTO DE EDUCACAO (ECONOMIA DOMESTICA) E ESQUADRIAS PARA BANHEIRO DO DEPARTAMENTO DE SOLOS, AMBOS SITUADOS NO CAMPUS DA UNIVERSIDADE FEDERAL DE VICOSA, CIDADE DE VICOSA, MINAS GERAIS","EVENTO DE RESULTADO DE JULGAME",26282,"UNIVERSIDADE FEDERAL DE VICOSA","VICOSA",2019-09-26,NA,15806.56,"setembro",2019
172019,154051,"UNIVERSIDADE FEDERAL DE VICOSA","INEXIGIBILIDADE DE LICITACAO","005547/2019","OBJETO: MANUTENCAO NO EQUIPAMENTO ESPECTROMETRO DE MASSA COM PLASMA INDUTIVAMENTE ACOPLADO, COM REALIZACAO DE TREINAMENTO.","ENCERRADO",26282,"UNIVERSIDADE FEDERAL DE VICOSA","VICOSA",2019-09-03,NA,3636.49,"setembro",2019
192019,154051,"UNIVERSIDADE FEDERAL DE VICOSA","INEXIGIBILIDADE DE LICITACAO","005654/2019","OBJETO: DISCO DE CORTE MONTADO EM SUPORTE PARA USO EM APARELHO DE CONFECCAO DE NAVALHA TRIANGULAR DE VIDRO.","ENCERRADO",26282,"UNIVERSIDADE FEDERAL DE VICOSA","VICOSA",2019-09-17,NA,1221.12,"setembro",2019
212019,154051,"UNIVERSIDADE FEDERAL DE VICOSA","INEXIGIBILIDADE DE LICITACAO","23114.005937/2019","OBJETO: CONTRATACAO DE EMPRESA JURIDICA ESPECIALIZADA PARA LICENCIAMENTO DE DIREITOS PERMANENTES SOBRE PROGRAMAS DE COMPUTADOR E LOCACAO DE SOFTWARE - SOFTWARE SOB MEDIDA OU CUSTOMIZADO COM LICENCA DE USO VITALICIO, E DIREITO A ATUALIZACOES POR 12 MESES SEM CUSTOS ADICIONAIS.","ENCERRADO",26282,"UNIVERSIDADE FEDERAL DE VICOSA","VICOSA",2019-09-18,NA,6999,"setembro",2019
222019,154051,"UNIVERSIDADE FEDERAL DE VICOSA","INEXIGIBILIDADE DE LICITACAO","005297/2019","OBJETO: SERVICO DE SEQUENCIAMENTO DE DNA","ENCERRADO",26282,"UNIVERSIDADE FEDERAL DE VICOSA","VICOSA",2019-09-11,NA,6000,"setembro",2019
232019,154051,"UNIVERSIDADE FEDERAL DE VICOSA","INEXIGIBILIDADE DE LICITACAO","005927/2019","OBJETO: MANUTENCAO DE CROMATOGRAFO GASOSO COM CONTROLADOR DE FLUXO.","ENCERRADO",26282,"UNIVERSIDADE FEDERAL DE VICOSA","VICOSA",2019-09-17,NA,3198.22,"setembro",2019
242019,154051,"UNIVERSIDADE FEDERAL DE VICOSA","INEXIGIBILIDADE DE LICITACAO","005560/2019","OBJETO: LICENCIAMENTO DE DIREITOS PERMANENTES SOBRE PROGRAMAS DE COMPUTADOR E LOCACAO DE SOFTWARE PRONTO - ASPEN PLUS.","RETIFICACAO",26282,"UNIVERSIDADE FEDERAL DE VICOSA","VICOSA",2019-09-23,NA,15040,"setembro",2019
252019,154051,"UNIVERSIDADE FEDERAL DE VICOSA","INEXIGIBILIDADE DE LICITACAO","006009/2019","OBJETO: ACESSORIO PARA ESTUDO, CAPSULA INGERIVEL","ENCERRADO",26282,"UNIVERSIDADE FEDERAL DE VICOSA","VICOSA",2019-09-23,NA,5000.1,"setembro",2019
262019,154051,"UNIVERSIDADE FEDERAL DE VICOSA","DISPENSA DE LICITACAO","005516/2019","OBJETO: REPARO EM SISTEMA DE CROMATOGRAFIA GASOSA ACOPLADA A ESPECTROMETRIA DE MASSAS.","ENCERRADO",26282,"UNIVERSIDADE FEDERAL DE VICOSA","VICOSA",2019-09-03,NA,4393.6,"setembro",2019
262019,154051,"UNIVERSIDADE FEDERAL DE VICOSA","INEXIGIBILIDADE DE LICITACAO","005895/2019","OBJETO: CONTRATACAO DE SERVICO DE MANUTENCAO EM ESPECTROMETRO DE MASSAS - SHIMADZU","ENCERRADO",26282,"UNIVERSIDADE FEDERAL DE VICOSA","VICOSA",2019-09-23,NA,2312.57,"setembro",2019
282019,154051,"UNIVERSIDADE FEDERAL DE VICOSA","DISPENSA DE LICITACAO","006078/2019","OBJETO: CONTRATACAO DE INSTITUICAO DE APOIO - TED - REVITALIZACAO DA BACIA HIDROGRAFICA DO ALTO ARAGUAIA","PUBLICADO",26282,"UNIVERSIDADE FEDERAL DE VICOSA","VICOSA",2019-09-26,NA,2794704.5,"setembro",2019
292019,154051,"UNIVERSIDADE FEDERAL DE VICOSA","DISPENSA DE LICITACAO","006079/2019","OBJETO: CONTRATACAO DE INSTITUICAO DE APOIO - TED- ESTUDOS SOBRE SISTEMAS DE GESTAO E GOVERNANCA DOS PARQUES TECNOLOGICOS NO BRASIL A LUZ DO MODELO DA HELICE TRIPLICE - FASE II","PUBLICADO",26282,"UNIVERSIDADE FEDERAL DE VICOSA","VICOSA",2019-09-26,NA,65970,"setembro",2019
682019,154052,"CENTRAL DE ENS.DES.AGRAR.DE FLORESTAL/UFV","PREGAO - REGISTRO DE PRECO","004595/2019","OBJETO: PREGAO ELETRONICO -  EVENTUAL AQUISICAO DE GAS LIQUEFEITO DE PETROLEO - P13 E P45","PUBLICADO",26282,"UNIVERSIDADE FEDERAL DE VICOSA","FLORESTAL",2019-09-04,2019-09-04,0,"setembro",2019
732019,154051,"UNIVERSIDADE FEDERAL DE VICOSA","PREGAO","004806/2019","OBJETO: PREGAO ELETRONICO -  AQUISICAO DE REAGENTES E VIDRARIAS PARA LABORATORIOS","PUBLICADO",26282,"UNIVERSIDADE FEDERAL DE VICOSA","VICOSA",2019-09-03,2019-08-09,25189.92,"setembro",2019
832019,154052,"CENTRAL DE ENS.DES.AGRAR.DE FLORESTAL/UFV","PREGAO - REGISTRO DE PRECO","005117/2019","OBJETO: PREGAO ELETRONICO -  AQUISICAO DE GRAMA VERDE ESMERALDA","PUBLICADO",26282,"UNIVERSIDADE FEDERAL DE VICOSA","FLORESTAL",2019-09-09,2019-09-09,205390,"setembro",2019
842019,154051,"UNIVERSIDADE FEDERAL DE VICOSA","PREGAO","005133/2019","OBJETO: PREGAO ELETRONICO -  AQUISICAO DE MATERIAL HIDRAULICO, ENGATES, FIO-TERMOPAR E OUTROS","PUBLICADO",26282,"UNIVERSIDADE FEDERAL DE VICOSA","VICOSA",2019-09-18,2019-09-04,22923.17,"setembro",2019
862019,154051,"UNIVERSIDADE FEDERAL DE VICOSA","PREGAO","005244/2019","OBJETO: PREGAO ELETRONICO -  AQUISICAO DE MATERIAL DE LIMPEZA, EXPEDIENTE E EPIS","PUBLICADO",26282,"UNIVERSIDADE FEDERAL DE VICOSA","VICOSA",2019-09-12,2019-09-05,1511.05,"setembro",2019
872019,154051,"UNIVERSIDADE FEDERAL DE VICOSA","PREGAO","005242/2019","OBJETO: PREGAO ELETRONICO -  AQUISICAO DE EQUIPAMENTOS INDUSTRIAIS E DE LABORATORIO","PUBLICADO",26282,"UNIVERSIDADE FEDERAL DE VICOSA","VICOSA",2019-09-12,2019-09-04,25180.65,"setembro",2019
902019,154051,"UNIVERSIDADE FEDERAL DE VICOSA","PREGAO","005248/2019","OBJETO: PREGAO ELETRONICO -  AQUISICAO DE REAGENTES E VIDRARIAS.","PUBLICADO",26282,"UNIVERSIDADE FEDERAL DE VICOSA","VICOSA",2019-09-23,2019-09-12,18382.94,"setembro",2019
912019,154052,"CENTRAL DE ENS.DES.AGRAR.DE FLORESTAL/UFV","PREGAO - REGISTRO DE PRECO","005295/2019","OBJETO: PREGAO ELETRONICO -  CONTRATACAO DE PESSOA JURIDICA ESPECIALIZADA NA PRESTACAO DE SERVICOS DE DEDETIZACAO.","PUBLICADO",26282,"UNIVERSIDADE FEDERAL DE VICOSA","FLORESTAL",2019-09-25,2019-09-25,5041.46,"setembro",2019
922019,154052,"CENTRAL DE ENS.DES.AGRAR.DE FLORESTAL/UFV","PREGAO","005342/2019","OBJETO: PREGAO ELETRONICO -  AQUISICAO DE PROCESSADORES E PENTES DE MEMORIA EM TOTAL ACORDO COM O EDITAL E SEUS ANEXOS","PUBLICADO",26282,"UNIVERSIDADE FEDERAL DE VICOSA","FLORESTAL",2019-09-03,2019-09-02,7593.75,"setembro",2019
942019,154051,"UNIVERSIDADE FEDERAL DE VICOSA","PREGAO","005364/2019","OBJETO: PREGAO ELETRONICO -  AQUISICAO DE MATERIAIS ELETRICOS E DE CONSTRUCAO","PUBLICADO",26282,"UNIVERSIDADE FEDERAL DE VICOSA","VICOSA",2019-09-18,2019-09-12,41942,"setembro",2019
1042019,154051,"UNIVERSIDADE FEDERAL DE VICOSA","PREGAO","23114.005553/2019","OBJETO: PREGAO ELETRONICO -  AQUISICAO DE DISCO MAGNETICO, VIDRARIA, AREIA, BRITA E CIMENTO PARA USO NAS AULAS PRATICAS DE LABORATORIOS DA UFV CAMPUS RIO PARANAIBA.","PUBLICADO",26282,"UNIVERSIDADE FEDERAL DE VICOSA","VICOSA",2019-09-26,2019-09-24,6461.97,"setembro",2019
1082019,154051,"UNIVERSIDADE FEDERAL DE VICOSA","PREGAO","23114.005651/2019","OBJETO: PREGAO ELETRONICO -  AQUISICAO DE CONJUNTO DE TELESCOPIO, EQUIPAMENTO DE COMPACTACAO DE ASFALTO, AGITADOR MAGNETICO, CENTRIFUGA E OUTROS EQUIPAMENTOS PARA LABORATORIOS DE ENSINO DA UFV - CAMPUS RIO PARANAIBA.","EVENTO DE RESULTADO DE JULGAME",26282,"UNIVERSIDADE FEDERAL DE VICOSA","VICOSA",2019-09-26,2019-09-23,16761.68,"setembro",2019
2532018,154052,"CENTRAL DE ENS.DES.AGRAR.DE FLORESTAL/UFV","PREGAO - REGISTRO DE PRECO","011805/2018","OBJETO: PREGAO ELETRONICO -  EVENTUAL AQUISICAO DE MATERIAIS DE SERRALHERIA, PINTURA E OUTROS","PUBLICADO",26282,"UNIVERSIDADE FEDERAL DE VICOSA","FLORESTAL",2019-09-05,2019-03-28,0,"setembro",2019
182019,154051,"UNIVERSIDADE FEDERAL DE VICOSA","INEXIGIBILIDADE DE LICITACAO","005653/2019","OBJETO: AQUISICAO DE ENDOSCOPIO HOPKINS","PUBLICADO",26282,"UNIVERSIDADE FEDERAL DE VICOSA","VICOSA",2019-10-07,NA,42223.2,"outubro",2019
272019,154051,"UNIVERSIDADE FEDERAL DE VICOSA","INEXIGIBILIDADE DE LICITACAO","005896/2019","OBJETO: MANUTENCAO DE SISTEMA DE PURIFICACAO DE AGUA MILLI-Q","ENCERRADO",26282,"UNIVERSIDADE FEDERAL DE VICOSA","VICOSA",2019-10-16,NA,7456.52,"outubro",2019
282019,154051,"UNIVERSIDADE FEDERAL DE VICOSA","INEXIGIBILIDADE DE LICITACAO","006762/2019","OBJETO: TREINAMENTO QUALIFICACAO PROFISSIONAL - 51º FORUM TECNICO DAS AUDITORIAS INTERNAS DO MINISTERIO DA EDUCACAO.","ENCERRADO",26282,"UNIVERSIDADE FEDERAL DE VICOSA","VICOSA",2019-10-18,NA,1400,"outubro",2019
302019,154051,"UNIVERSIDADE FEDERAL DE VICOSA","DISPENSA DE LICITACAO","006329/2019","OBJETO: FORNECIMENTO DE ENERGIA ELETRICA EM BAIXA TENSAO PARA ATENDER DIVERSOS SETORES DA UFV.","PUBLICADO",26282,"UNIVERSIDADE FEDERAL DE VICOSA","VICOSA",2019-10-11,NA,579920.64,"outubro",2019
312019,154051,"UNIVERSIDADE FEDERAL DE VICOSA","DISPENSA DE LICITACAO","006399/2019","OBJETO: AQUISICAO DE FIO TERMOPAR E TERMO RESISTENCIA","ENCERRADO",26282,"UNIVERSIDADE FEDERAL DE VICOSA","VICOSA",2019-10-15,NA,860,"outubro",2019
342019,154051,"UNIVERSIDADE FEDERAL DE VICOSA","DISPENSA DE LICITACAO","006878/2019","OBJETO: RENOVACAO DE ASSINATURA INFORMATIZADA CENOFISCO PARA ATENDER DEMANDA DO CURSO DE CONTABILIDADE DA UFV - CAMPUS RIO PARANAIBA.","ENCERRADO",26282,"UNIVERSIDADE FEDERAL DE VICOSA","VICOSA",2019-10-24,NA,1700,"outubro",2019
472019,154052,"CENTRAL DE ENS.DES.AGRAR.DE FLORESTAL/UFV","PREGAO - REGISTRO DE PRECO","003673/2019","OBJETO: PREGAO ELETRONICO -  EVENTUAL AQUISICAO DE MATERIAIS DE ESCRITORIO.","PUBLICADO",26282,"UNIVERSIDADE FEDERAL DE VICOSA","FLORESTAL",2019-10-02,2019-09-27,217.5,"outubro",2019
722019,154051,"UNIVERSIDADE FEDERAL DE VICOSA","PREGAO - REGISTRO DE PRECO","004802/2019","OBJETO: PREGAO ELETRONICO -  SRP - AQUISICAO E INSTALACAO DE ELEVADORES DE PASSAGEIROS","PUBLICADO",26282,"UNIVERSIDADE FEDERAL DE VICOSA","VICOSA",2019-10-04,2019-09-26,90000,"outubro",2019
822019,154051,"UNIVERSIDADE FEDERAL DE VICOSA","PREGAO","005107/2019","OBJETO: PREGAO ELETRONICO -  AQUISICAO DE MOVEIS SOB MEDIDA, MESAS, CADEIRAS, BANQUETAS E QUADROS DE AVISOS.","PUBLICADO",26282,"UNIVERSIDADE FEDERAL DE VICOSA","VICOSA",2019-10-09,2019-10-03,39247.16,"outubro",2019
882019,154052,"CENTRAL DE ENS.DES.AGRAR.DE FLORESTAL/UFV","PREGAO - REGISTRO DE PRECO","005263/2019","OBJETO: PREGAO ELETRONICO -  AQUISICAO DE MEDICAMENTOS VETERINARIOS EM GERAL.","PUBLICADO",26282,"UNIVERSIDADE FEDERAL DE VICOSA","FLORESTAL",2019-10-04,2019-09-23,0,"outubro",2019
932019,154052,"CENTRAL DE ENS.DES.AGRAR.DE FLORESTAL/UFV","PREGAO - REGISTRO DE PRECO","005343/2019","OBJETO: PREGAO ELETRONICO -  EVENTUAL AQUISICAO DE PRODUTOS PARA FABRICACAO DE RACAO, ADUBOS, SEMENTES E OUTROS.","PUBLICADO",26282,"UNIVERSIDADE FEDERAL DE VICOSA","FLORESTAL",2019-10-25,2019-10-23,780,"outubro",2019
962019,154051,"UNIVERSIDADE FEDERAL DE VICOSA","PREGAO","005426/2019","OBJETO: PREGAO ELETRONICO -  AQUISICAO DE MATERIAL ESPORTIVO","PUBLICADO",26282,"UNIVERSIDADE FEDERAL DE VICOSA","VICOSA",2019-10-24,2019-10-09,23164.08,"outubro",2019
982019,154051,"UNIVERSIDADE FEDERAL DE VICOSA","PREGAO","005427/2019","OBJETO: PREGAO ELETRONICO -  AQUISICAO DE EQUIPAMENTOS ELETROELETRONICOS E DE INFORMATICA","PUBLICADO",26282,"UNIVERSIDADE FEDERAL DE VICOSA","VICOSA",2019-10-30,2019-10-09,91539.78,"outubro",2019
992019,154051,"UNIVERSIDADE FEDERAL DE VICOSA","PREGAO","005428/2019","OBJETO: PREGAO ELETRONICO -  AQUISICAO DE FERRAMENTAS, MATERIAL PARA JARDINAGEM, BORRACHARIA, ELETRONICA E LABORATORIO.","PUBLICADO",26282,"UNIVERSIDADE FEDERAL DE VICOSA","VICOSA",2019-10-21,2019-10-08,35418.03,"outubro",2019
1002019,154051,"UNIVERSIDADE FEDERAL DE VICOSA","PREGAO","005429/2019","OBJETO: PREGAO ELETRONICO -  AQUISICAO DE MATERIAIS DE ESCRITORIO, INFORMATICA E DE EXPEDIENTE","PUBLICADO",26282,"UNIVERSIDADE FEDERAL DE VICOSA","VICOSA",2019-10-25,2019-10-04,23141.44,"outubro",2019
1022019,154052,"CENTRAL DE ENS.DES.AGRAR.DE FLORESTAL/UFV","PREGAO","005514/2019","OBJETO: PREGAO ELETRONICO -  AQUISICAO DE COALHO, SAL REFINADO E POTES DE POLIESTIRENO PARA ENVASE DE PRODUTOS, EM TOTAL ACORDO COM O EDITAL E SEUS ANEXOS.","PUBLICADO",26282,"UNIVERSIDADE FEDERAL DE VICOSA","FLORESTAL",2019-10-22,2019-09-19,10691.08,"outubro",2019
1052019,154051,"UNIVERSIDADE FEDERAL DE VICOSA","PREGAO","23114.005554/2019","OBJETO: PREGAO ELETRONICO -  AQUISICAO DE TUBO DE CONCRETO, TUBO PVC, REVESTIMENTO CERAMICO E OUTROS ITENS DE CONSTRUCAO CIVIL PARA MANUTENCAO E AULAS PRATICAS NA UFV - CAMPUS RIO PARANAIBA.","EVENTO DE RESULTADO DE JULGAME",26282,"UNIVERSIDADE FEDERAL DE VICOSA","VICOSA",2019-10-16,2019-10-01,35259.97,"outubro",2019
1062019,154052,"CENTRAL DE ENS.DES.AGRAR.DE FLORESTAL/UFV","PREGAO - REGISTRO DE PRECO","005613/2019","OBJETO: PREGAO ELETRONICO -  MANUTENCAO DE POCOS ARTESIANOS SENDO EFETUADO LIMPEZA GERAL, ADEQUACAO SANITARIA, VERIFICACOES GERAIS E EMISSAO DE LAUDOS.","PUBLICADO",26282,"UNIVERSIDADE FEDERAL DE VICOSA","FLORESTAL",2019-10-07,2019-10-07,54196.2,"outubro",2019
1072019,154051,"UNIVERSIDADE FEDERAL DE VICOSA","PREGAO","23114.005650/2019","OBJETO: PREGAO ELETRONICO -  AQUISICAO DE REDE DE INFORMATICA, IMPRESSORA JATO DE TINTA, MOBILIARIO DE ESCRITORIO E OUTROS ITENS PERMANENTES PARA UFV - CAMPUS RIO PARANAIBA.","EVENTO DE RESULTADO DE JULGAME",26282,"UNIVERSIDADE FEDERAL DE VICOSA","VICOSA",2019-10-16,2019-09-26,21573.82,"outubro",2019
1102019,154051,"UNIVERSIDADE FEDERAL DE VICOSA","PREGAO","005645/2019","OBJETO: PREGAO ELETRONICO -  AQUISICAO DE EQUIPAMENTOS HOSPITALARES E DE LABORATORIO.","PUBLICADO",26282,"UNIVERSIDADE FEDERAL DE VICOSA","VICOSA",2019-10-09,2019-09-25,32597.85,"outubro",2019
1132019,154052,"CENTRAL DE ENS.DES.AGRAR.DE FLORESTAL/UFV","PREGAO - REGISTRO DE PRECO","005789/2019","OBJETO: PREGAO ELETRONICO -  CONTRATACAO DE EMPRESA ESPECIALIZADA PARA MANUTENCAO PREVENTIVA E CORRETIVA EM ORDENHADEIRA MECANICA","PUBLICADO",26282,"UNIVERSIDADE FEDERAL DE VICOSA","FLORESTAL",2019-10-14,2019-10-14,0,"outubro",2019
1192019,154051,"UNIVERSIDADE FEDERAL DE VICOSA","PREGAO","003813/2019","OBJETO: PREGAO ELETRONICO -  CONTRATACAO DE EMPRESA ESPECIALIZADA PARA PRESTACAO DE SERVOCO DE COLETA, TRANSPORTE, DESCONTAMINACAO E DESTINACAO DE LAMPADAS FLUORESCENTES POS USO.","PUBLICADO",26282,"UNIVERSIDADE FEDERAL DE VICOSA","VICOSA",2019-10-21,2019-10-15,27659.97,"outubro",2019
1202019,154052,"CENTRAL DE ENS.DES.AGRAR.DE FLORESTAL/UFV","PREGAO","005944/2019","OBJETO: PREGAO ELETRONICO -  AQUISICAO DE DISCOS DE CORTE","PUBLICADO",26282,"UNIVERSIDADE FEDERAL DE VICOSA","FLORESTAL",2019-10-02,2019-10-02,7400,"outubro",2019
1212019,154051,"UNIVERSIDADE FEDERAL DE VICOSA","PREGAO","23114.005946/2019","OBJETO: PREGAO ELETRONICO -  AQUISICAO DE REFRATOMETRO, DESCASCADOR DE LEGUMES, SOPRADOR/ASPIRADOR DE FOLHAS E MOBILIARIO PARA ESCRITORIO PARA UFV - CAMPOS RIO PARANAIBA.","EVENTO DE RESULTADO DE JULGAME",26282,"UNIVERSIDADE FEDERAL DE VICOSA","VICOSA",2019-10-21,2019-10-14,9937.07,"outubro",2019
1242019,154051,"UNIVERSIDADE FEDERAL DE VICOSA","PREGAO","23114.005947/2019","OBJETO: PREGAO ELETRONICO -  AQUISICAO DE SWITCH, IMPRESSORA MULTIFUNCIONAL, PROJETOR MULTIMIDIA, TELEVISOR E OUTROS EQUIPAMENTOS PERMANENTES PARA UFV - CAMPUS RIO PARANAIBA.","EVENTO DE RESULTADO DE JULGAME",26282,"UNIVERSIDADE FEDERAL DE VICOSA","VICOSA",2019-10-21,2019-10-14,17647.17,"outubro",2019
1252019,154051,"UNIVERSIDADE FEDERAL DE VICOSA","PREGAO","23114.005966/2019","OBJETO: PREGAO ELETRONICO -  AQUISICAO DE CAIXAS D'AGUA E LAMPADAS PARA UFV - CAMPUS RIO PARANAIBA.","EVENTO DE RESULTADO DE JULGAME",26282,"UNIVERSIDADE FEDERAL DE VICOSA","VICOSA",2019-10-25,2019-10-09,19768.92,"outubro",2019
1262019,154051,"UNIVERSIDADE FEDERAL DE VICOSA","PREGAO","23114.005945/2019","OBJETO: PREGAO ELETRONICO -  AQUISICAO DE GASOLINA COMUM PARA USO NO EXERCICIO DE 2020. UFV - CAMPUS RIO PARANAIBA.","PUBLICADO",26282,"UNIVERSIDADE FEDERAL DE VICOSA","VICOSA",2019-10-17,2019-10-17,0,"outubro",2019
1282019,154051,"UNIVERSIDADE FEDERAL DE VICOSA","PREGAO","006106/2019","OBJETO: PREGAO ELETRONICO -  AQUISICAO DE ADUBO QUIMICO E RACAO PARA CAMUNDONGO","PUBLICADO",26282,"UNIVERSIDADE FEDERAL DE VICOSA","VICOSA",2019-10-10,2019-10-10,40829.8,"outubro",2019
1292019,154051,"UNIVERSIDADE FEDERAL DE VICOSA","PREGAO","006168/2019","OBJETO: PREGAO ELETRONICO -  CONTRATACAO DE SERVICO NAO CONTINUADO DE DEDETIZACAO, DESINTETIZACAO E DESRATIZACAO.","PUBLICADO",26282,"UNIVERSIDADE FEDERAL DE VICOSA","VICOSA",2019-10-24,2019-10-18,10450,"outubro",2019
1302019,154052,"CENTRAL DE ENS.DES.AGRAR.DE FLORESTAL/UFV","PREGAO","006190/2019","OBJETO: PREGAO ELETRONICO -  AQUISICAO DE MANTA PARA RESERVATORIO, IMPERMEABILIZANTE, FABRICADA EM GEOMEMBRANA, EM TOTAL ACORDO COM O EDITAL E SEUS ANEXOS.","PUBLICADO",26282,"UNIVERSIDADE FEDERAL DE VICOSA","FLORESTAL",2019-10-22,2019-10-21,38326.4,"outubro",2019
1332019,154051,"UNIVERSIDADE FEDERAL DE VICOSA","PREGAO","23114.006198/2019","OBJETO: PREGAO ELETRONICO -  CONTRATACAO DE SERVICOS DE VIGILANCIA DESARMADA, MOTORIZADA, A SEREM EXECUTADOS NA UNIVERSIDADE FEDERAL DE VICOSA CAMPUS RIO PARANAIBA.","EVENTO DE RESULTADO DE JULGAME",26282,"UNIVERSIDADE FEDERAL DE VICOSA","VICOSA",2019-10-22,2019-10-08,262717.23,"outubro",2019
1352019,154051,"UNIVERSIDADE FEDERAL DE VICOSA","PREGAO","006261/2019","OBJETO: PREGAO ELETRONICO -  AQUISICAO DE MATERIAL E INFORMATICA EM GERAL","PUBLICADO",26282,"UNIVERSIDADE FEDERAL DE VICOSA","VICOSA",2019-10-30,2019-10-22,12214.37,"outubro",2019
1502019,154051,"UNIVERSIDADE FEDERAL DE VICOSA","PREGAO","23114.006748/2019","OBJETO: PREGAO ELETRONICO -  CONCRETO USINADO, COMPONENTES CIMENTO, AREIA, BRITA E AGUA, 200 FCK/20MPA. O CONCRETO DEVERA SER ENTREGUE PARCELADAMENTE CONFORME SOLICITACAO DA DIRETORIA ADMINISTRATIVA - CRP. PREVISAO PARA CONSUMO EM UM PERIODO DE 12 MESES A PARTIR DA CONTRATACAO. O CONCRETO DEVERA SER ENTREGUE EM NO MAXIMO SETE DIAS APOS A SOLICITACAO.","PUBLICADO",26282,"UNIVERSIDADE FEDERAL DE VICOSA","VICOSA",2019-10-31,2019-10-31,0,"outubro",2019
12019,154051,"UNIVERSIDADE FEDERAL DE VICOSA","CONCORRENCIA","005227/2019","OBJETO: EXECUCAO DA OBRA DO BIOTERIO, SITUADO NO CAMPUS DA UNIVERSIDADE FEDERAL DE VICOSA, CIDADE DE VICOSA, MINAS GERAIS","EVENTO DE RESULTADO DE JULGAME",26282,"UNIVERSIDADE FEDERAL DE VICOSA","VICOSA",2019-11-25,NA,1664520.5,"novembro",2019
102019,154051,"UNIVERSIDADE FEDERAL DE VICOSA","TOMADA DE PRECOS","005503/2019","OBJETO: EXECUCAO DA OBRA DO OBSERVATORIO, SITUADO NO CAMPUS DA UNIVERSIDADE FEDERAL DE VICOSA, MINAS GERAIS.","EVENTO DE RESULTADO DE JULGAME",26282,"UNIVERSIDADE FEDERAL DE VICOSA","VICOSA",2019-11-04,NA,1839962.81,"novembro",2019
112019,154051,"UNIVERSIDADE FEDERAL DE VICOSA","INEXIGIBILIDADE DE LICITACAO","004955/2019","OBJETO: CONTRATACAO DE SERVICO NAO CONTINUADO DE TREINAMENTO QUALIFICACAO PROFISSIONAL, GESTAO INTEGRADA DE ALMOXARIFADO E PATRIMONIO PUBLICO","ENCERRADO",26282,"UNIVERSIDADE FEDERAL DE VICOSA","VICOSA",2019-11-11,NA,3290,"novembro",2019
122019,154051,"UNIVERSIDADE FEDERAL DE VICOSA","TOMADA DE PRECOS","006022/2019","OBJETO: EXECUCAO DO REVESTIMENTO DOS ELEVADORES DA BIBLIOTECA CENTRAL, SITUADO NO CAMPUS DA UNIVERSIDADE FEDERAL DE VICOSA, CIDADE DE VICOSA, MINAS GERAIS.","EVENTO DE RESULTADO DE JULGAME",26282,"UNIVERSIDADE FEDERAL DE VICOSA","VICOSA",2019-11-01,NA,16416.82,"novembro",2019
132019,154051,"UNIVERSIDADE FEDERAL DE VICOSA","TOMADA DE PRECOS","006589/2019","OBJETO: EXECUCAO DE SERVICOS DE MEDICAO E VERIFICACAO (M&V) E ACOES DE TREINAMENTO E CAPACITACAO CONFORME TERMO DE COOPERACAO TECNICA CEMIG DISTRIBUICAO S.A. Nº 001/2017","EVENTO DE RESULTADO DE JULGAME",26282,"UNIVERSIDADE FEDERAL DE VICOSA","VICOSA",2019-11-01,NA,38000,"novembro",2019
302019,154051,"UNIVERSIDADE FEDERAL DE VICOSA","INEXIGIBILIDADE DE LICITACAO","007185/2019","OBJETO: SERVICO DE MANUTENCAO PREVENTIVA, EM EQUIPAMENTO POTENCIAL ZETA","ENCERRADO",26282,"UNIVERSIDADE FEDERAL DE VICOSA","VICOSA",2019-11-25,NA,17286.5,"novembro",2019
332019,154051,"UNIVERSIDADE FEDERAL DE VICOSA","DISPENSA DE LICITACAO","006702/2019","OBJETO: AQUISICAO DE REAGENTE ANALITICO TGF BETA 1 HUMANO, THERMO FISHER SCIENTIFIC","ENCERRADO",26282,"UNIVERSIDADE FEDERAL DE VICOSA","VICOSA",2019-11-12,NA,5278,"novembro",2019
342019,154051,"UNIVERSIDADE FEDERAL DE VICOSA","INEXIGIBILIDADE DE LICITACAO","007436/2019","OBJETO: AQUISICAO DE MARCADOR PADRAO PESO MOLECULAR","ENCERRADO",26282,"UNIVERSIDADE FEDERAL DE VICOSA","VICOSA",2019-11-21,NA,2079.12,"novembro",2019
352019,154051,"UNIVERSIDADE FEDERAL DE VICOSA","INEXIGIBILIDADE DE LICITACAO","007443/2019","OBJETO: MANUTENCAO DE EQUIPAMENTO MONITOR DE SINAIS VITAIS","ENCERRADO",26282,"UNIVERSIDADE FEDERAL DE VICOSA","VICOSA",2019-11-25,NA,12000,"novembro",2019
352019,154052,"CENTRAL DE ENS.DES.AGRAR.DE FLORESTAL/UFV","DISPENSA DE LICITACAO","006917/2019","OBJETO: CONTRATACAO DOS SERVICOS DE PORTEIRO/VIGIA PARA ATENDER A DEMANDA DO CAMPUS FLORESTAL, SENDO 02 POSTOS COM 02 FUNCIONARIOS POR POSTO, TOTALIZANDO 04 FUNCIONARIOS COM ESCALA DE TRABALHO 12X36 (DIURNO) E 05 POSTOS COM 02 FUNCIONARIOS POR POSTO, TOTALIZANDO 10 FUNCIONARIOS COM ESCALA DE TRABALHO 12X36 (NOTURNO),","PUBLICADO",26282,"UNIVERSIDADE FEDERAL DE VICOSA","FLORESTAL",2019-11-01,NA,275818.5,"novembro",2019
362019,154051,"UNIVERSIDADE FEDERAL DE VICOSA","DISPENSA DE LICITACAO","007210/2019","OBJETO: OBRAS EMERGENCIAIS EM TELHADOS EM DIVERSAS EDIFICACOES, SITUADAS NO CAMPUS DA UFV EM VICOSA.","PUBLICADO",26282,"UNIVERSIDADE FEDERAL DE VICOSA","VICOSA",2019-11-19,NA,3341815.2,"novembro",2019
382019,154051,"UNIVERSIDADE FEDERAL DE VICOSA","DISPENSA DE LICITACAO","007248/2019","OBJETO: MANUTENCAO E REVISAO DE 07(SETE) BEBEDOUROS DA MARCA EUROPA","ENCERRADO",26282,"UNIVERSIDADE FEDERAL DE VICOSA","VICOSA",2019-11-13,NA,1505,"novembro",2019
382019,154051,"UNIVERSIDADE FEDERAL DE VICOSA","INEXIGIBILIDADE DE LICITACAO","007676/2019","OBJETO: TREINAMENTO DE QUALIFICACAO PROFISSIONAL - CURSO DE ALTERACOES NO DECRETO DO PREGAO ELETRONICO, PELO INSTITUTO PROTEGE .","ENCERRADO",26282,"UNIVERSIDADE FEDERAL DE VICOSA","VICOSA",2019-11-26,NA,4000,"novembro",2019
422019,154051,"UNIVERSIDADE FEDERAL DE VICOSA","DISPENSA DE LICITACAO","007378/2019","OBJETO: CONTRATACAO DE SERVICO NAO CONTINUADO DE HIGIENIZACAO, LIMPEZA E DESINFECCAO, DE CAIXAS D'AGUA, E DE RESERVATORIO DE AGUA POTAVEL.","ENCERRADO",26282,"UNIVERSIDADE FEDERAL DE VICOSA","VICOSA",2019-11-19,NA,1620,"novembro",2019
432019,154051,"UNIVERSIDADE FEDERAL DE VICOSA","DISPENSA DE LICITACAO","007428/2019","OBJETO: MANUTENCAO EM MAQUINAS DE COSTURA","ENCERRADO",26282,"UNIVERSIDADE FEDERAL DE VICOSA","VICOSA",2019-11-20,NA,990,"novembro",2019
472019,154051,"UNIVERSIDADE FEDERAL DE VICOSA","DISPENSA DE LICITACAO","007543/2019","OBJETO: AQUISICAO DE OLEO LUBRIFICANTE E PECAS PARA MOTOSERRAS E ROCADEIRAS.","ENCERRADO",26282,"UNIVERSIDADE FEDERAL DE VICOSA","VICOSA",2019-11-29,NA,9404.8,"novembro",2019
522019,154051,"UNIVERSIDADE FEDERAL DE VICOSA","DISPENSA DE LICITACAO","007618/2019","OBJETO: MANUTENCAO DE GELADEIRA E MAQUINA DE GELO","ENCERRADO",26282,"UNIVERSIDADE FEDERAL DE VICOSA","VICOSA",2019-11-28,NA,720,"novembro",2019
852019,154051,"UNIVERSIDADE FEDERAL DE VICOSA","PREGAO - REGISTRO DE PRECO","005251/2019","OBJETO: PREGAO ELETRONICO -  AQUISICAO DE GENEROS ALIMENTICIOS","PUBLICADO",26282,"UNIVERSIDADE FEDERAL DE VICOSA","VICOSA",2019-11-13,2019-11-08,1052.5,"novembro",2019
972019,154052,"CENTRAL DE ENS.DES.AGRAR.DE FLORESTAL/UFV","PREGAO","005440/2019","OBJETO: PREGAO ELETRONICO -  CONTRATACAO DE EMPRESA ESPECIALIZADA PARA PRESTACAO DE SERVICOS CONTINUADOS DE PEDREIRO, SERVENTE, SOLDADOR, CARPINTEIRO, ELECTRICISTA, BOMBEIRO E COLETOR DE RESIDUOS, DE ACORDO COM O EDITAL E SEUS ANEXOS.","PUBLICADO",26282,"UNIVERSIDADE FEDERAL DE VICOSA","FLORESTAL",2019-11-12,2019-10-14,661198.32,"novembro",2019
1032019,154052,"CENTRAL DE ENS.DES.AGRAR.DE FLORESTAL/UFV","PREGAO","005534/2019","OBJETO: PREGAO ELETRONICO -  CONTRATACAO DE EMPRESA DEVIDAMENTE REGISTRADA NO CREA (CONSELHO REGIONAL DE ENGENHARIA E ARQUITETURA) E ESPECIALIZADA NA ELABORACAO E FORNECIMENTO DE PROJETO BASICO DE DATACENTER COM A DEFINICAO DE REQUISITOS MINIMOS E SUFICIENTES PARA A EXECUCAO FUTURA E ENTREGA FINAL DA INFRAESTRUTURA DO DATACENTER INSTITUCIONAL DA UNIVERSIDADE FEDERAL DE VICOSA   CAMPUS FLORESTAL","PUBLICADO",26282,"UNIVERSIDADE FEDERAL DE VICOSA","FLORESTAL",2019-11-05,2019-11-04,7485,"novembro",2019
1122019,154052,"CENTRAL DE ENS.DES.AGRAR.DE FLORESTAL/UFV","PREGAO - REGISTRO DE PRECO","005697/2019","OBJETO: PREGAO ELETRONICO -  AQUISICAO DE COMPONENTES ELECTRONICOS DIVERSOS NA AREA DE INFORMATICA ( CABOS DE REDE, CONECTORES, MEMORIA PORTATIL, CONVERSORES DE VIDEO, BATERIAS, PENTES DE MEMORIA, DISCO RIGIDO, ETC.)","PUBLICADO",26282,"UNIVERSIDADE FEDERAL DE VICOSA","FLORESTAL",2019-11-06,2019-10-29,270,"novembro",2019
1152019,154051,"UNIVERSIDADE FEDERAL DE VICOSA","PREGAO - REGISTRO DE PRECO","005639/2019","OBJETO: PREGAO ELETRONICO -  SRP - AQUISICAO DE INSUMOS PARA FABRICACAO DE RACAO","PUBLICADO",26282,"UNIVERSIDADE FEDERAL DE VICOSA","VICOSA",2019-11-08,2019-11-05,74800,"novembro",2019
1162019,154051,"UNIVERSIDADE FEDERAL DE VICOSA","PREGAO - REGISTRO DE PRECO","005081/2019","OBJETO: PREGAO ELETRONICO -  SRP -CONTRATACAO DE EMPRESA ESPECIALIZADA EM TRADUCAO DE LAUDAS DA LINGUA PORTUGUESA PARA O INGLES","PUBLICADO",26282,"UNIVERSIDADE FEDERAL DE VICOSA","VICOSA",2019-11-14,2019-11-08,52272,"novembro",2019
1172019,154052,"CENTRAL DE ENS.DES.AGRAR.DE FLORESTAL/UFV","PREGAO - REGISTRO DE PRECO","005857/2019","OBJETO: PREGAO ELETRONICO -  EVENTUAL AQUISICAO DE CORTINA EM BLACKOUT DE PVC.","PUBLICADO",26282,"UNIVERSIDADE FEDERAL DE VICOSA","FLORESTAL",2019-11-06,2019-11-06,22750,"novembro",2019
1272019,154052,"CENTRAL DE ENS.DES.AGRAR.DE FLORESTAL/UFV","PREGAO - REGISTRO DE PRECO","006045/2019","OBJETO: PREGAO ELETRONICO -  REGISTRO DE PRECOS PARA AQUISICAO DE MATERIAL HIDRAULICO EM GERAL","PUBLICADO",26282,"UNIVERSIDADE FEDERAL DE VICOSA","FLORESTAL",2019-11-13,2019-11-11,224,"novembro",2019
1312019,154051,"UNIVERSIDADE FEDERAL DE VICOSA","PREGAO","006221/2019","OBJETO: PREGAO ELETRONICO -  AQUISICAO DE NOTEBOOKS, PROJETORES MULTIMIDIA, IMPRESSORAS, SWITCHES E OUTROS","PUBLICADO",26282,"UNIVERSIDADE FEDERAL DE VICOSA","VICOSA",2019-11-18,2019-11-05,37453.56,"novembro",2019
1322019,154051,"UNIVERSIDADE FEDERAL DE VICOSA","PREGAO","006228/2019","OBJETO: PREGAO ELETRONICO -  AQUISICAO DE EQUIPAMENTOS DE LABORATORIO E OUTROS","PUBLICADO",26282,"UNIVERSIDADE FEDERAL DE VICOSA","VICOSA",2019-11-06,2019-10-24,65423.67,"novembro",2019
1342019,154051,"UNIVERSIDADE FEDERAL DE VICOSA","PREGAO","006229/2019","OBJETO: PREGAO ELETRONICO -  AQUISICAO DE REAGENTES E VIDRARIAS E OUTROS MATERIAIS DE LABORATORIO.","PUBLICADO",26282,"UNIVERSIDADE FEDERAL DE VICOSA","VICOSA",2019-11-04,2019-10-23,35253.91,"novembro",2019
1362019,154051,"UNIVERSIDADE FEDERAL DE VICOSA","PREGAO","006260/2019","OBJETO: PREGAO ELETRONICO -  AQUISICAO DE MATERIAL DE ESCRITORIO E EXPEDIENTE","PUBLICADO",26282,"UNIVERSIDADE FEDERAL DE VICOSA","VICOSA",2019-11-01,2019-10-24,4643.98,"novembro",2019
1372019,154051,"UNIVERSIDADE FEDERAL DE VICOSA","PREGAO","006259/2019","OBJETO: PREGAO ELETRONICO -  AQUISICAO DE FERRAMENTAS E MATERIAIS DE MARCENARIA E CONSTRUCAO.","PUBLICADO",26282,"UNIVERSIDADE FEDERAL DE VICOSA","VICOSA",2019-11-08,2019-11-05,24083.63,"novembro",2019
1462019,154051,"UNIVERSIDADE FEDERAL DE VICOSA","PREGAO","006717/2019","OBJETO: PREGAO ELETRONICO -  AQUISICAO DE MATERIAIS DE CONSUMO E PERMANENTES DE INFORMATICA E MOVEIS PARA ESCRITORIO","PUBLICADO",26282,"UNIVERSIDADE FEDERAL DE VICOSA","VICOSA",2019-11-14,2019-11-08,5777.13,"novembro",2019
1472019,154051,"UNIVERSIDADE FEDERAL DE VICOSA","PREGAO","0067182019","OBJETO: PREGAO ELETRONICO -  AQUISICAO DE MATERIAIS ESPORTIVOS, DE ESCRITORIO, EXPEDIENTE E LIMPEZA","PUBLICADO",26282,"UNIVERSIDADE FEDERAL DE VICOSA","VICOSA",2019-11-14,2019-11-11,18542.98,"novembro",2019
1492019,154051,"UNIVERSIDADE FEDERAL DE VICOSA","PREGAO","006720/2019","OBJETO: PREGAO ELETRONICO -  AQUISICAO DE MATERIAL DE CONSTRUCAO (TINTAS, PORTA METALICA, REVESTIMENTO CERAMICO)","PUBLICADO",26282,"UNIVERSIDADE FEDERAL DE VICOSA","VICOSA",2019-11-13,2019-11-12,16051.2,"novembro",2019
1512019,154051,"UNIVERSIDADE FEDERAL DE VICOSA","PREGAO","006745/2019","OBJETO: PREGAO ELETRONICO -  CONTRATACAO DOS SERVICOS DE SONORIZACAO, LOCACAO E INSTALACAO DE EQUIPAMENTOS DE ILUMINACAO E IMAGEM PARA REALIZACAO DO EVENTO 'CANTATA DE NATAL UFV 2019'.","PUBLICADO",26282,"UNIVERSIDADE FEDERAL DE VICOSA","VICOSA",2019-11-12,2019-11-04,7880,"novembro",2019
1532019,154052,"CENTRAL DE ENS.DES.AGRAR.DE FLORESTAL/UFV","PREGAO - REGISTRO DE PRECO","006283/2019","OBJETO: PREGAO ELETRONICO -  CONTRATACAO DE EMPRESA ESPECIALIZADA PARA PINTURA DE SINALIZACAO HORIZONTAL DE TRANSITO INTERNO NA UFV CAMPUS FLORESTAL.","PUBLICADO",26282,"UNIVERSIDADE FEDERAL DE VICOSA","FLORESTAL",2019-11-04,2019-11-01,48981,"novembro",2019
1542019,154051,"UNIVERSIDADE FEDERAL DE VICOSA","PREGAO","006902/2019","OBJETO: PREGAO ELETRONICO -  AQUISICAO DE MICROSCOPIOS","PUBLICADO",26282,"UNIVERSIDADE FEDERAL DE VICOSA","VICOSA",2019-11-21,2019-11-11,37500,"novembro",2019
1552019,154051,"UNIVERSIDADE FEDERAL DE VICOSA","PREGAO","006903/2019","OBJETO: PREGAO ELETRONICO -  LICENCIAMENTO DE DIREITOS PERMANENTES SOBRE PROGRAMAS DE COMPUTADOR - LICENCA WINDOWS.","PUBLICADO",26282,"UNIVERSIDADE FEDERAL DE VICOSA","VICOSA",2019-11-11,2019-11-11,0,"novembro",2019
42019,154051,"UNIVERSIDADE FEDERAL DE VICOSA","CONCORRENCIA","007509/2019","OBJETO: EXECUCAO DA SEGUNDA ETAPA DA CONSTRUCAO DA REDE DE ESGOTO DO CAMPUS DA UNIVERSIDADE FEDERAL DE VICOSA EM FLORESTAL  MG","EVENTO DE RESULTADO DE JULGAME",26282,"UNIVERSIDADE FEDERAL DE VICOSA","VICOSA",2019-12-23,NA,133637.98,"dezembro",2019
102018,154051,"UNIVERSIDADE FEDERAL DE VICOSA","CONCORRENCIA","011751/2018","OBJETO: OBRAS CIVIS PUBLICAS - CONSTRUCAO - EXECUCAO DE OBRA COM FORNECIMENTO TOTAL DE MATERIAL E MAO DE OBRA, SOB O REGIME DE EMPREITADA POR PRECO UNITARIO, NECESSARIOS A EXECUCAO DA TERCEIRA ETAPA DA CONSTRUCAO DA OBRA DESTINADA AO EDIFICIO DE LABORATORIOS I, SITUADA NO CAMPUS DA UNIVERSIDADE FEDERAL DE VICOSA, CIDADE DE FLORESTAL, MINAS GERAIS.","EVENTO DE ALTERACAO DE RESULTA",26282,"UNIVERSIDADE FEDERAL DE VICOSA","VICOSA",2019-12-04,NA,3400000,"dezembro",2019
142019,154051,"UNIVERSIDADE FEDERAL DE VICOSA","TOMADA DE PRECOS","007168/2019","OBJETO: EXECUCAO DE ADAPTACAO COM FORNECIMENTO TOTAL DE MATERIAIS, SOB O REGIME DE EMPREITADA POR PRECO UNITARIO, NECESSARIOS A EXECUCAO DE ADAPTACOES NO CENTRO DE ATENDIMENTO AO PUBLICO, SITUADO NO CAMPUS DA UNIVERSIDADE FEDERAL DE VICOSA, CIDADE DE VICOSA.","EVENTO DE RESULTADO DE JULGAME",26282,"UNIVERSIDADE FEDERAL DE VICOSA","VICOSA",2019-12-02,NA,36894.44,"dezembro",2019
152019,154051,"UNIVERSIDADE FEDERAL DE VICOSA","TOMADA DE PRECOS","007447/2019","OBJETO: EXECUCAO DE REFORMA COM FORNECIMENTO TOTAL DE MATERIAIS, SOB O REGIME DE EMPREITADA POR PRECO UNITARIO, NECESSARIOS A EXECUCAO DA OBRA PARA MELHORIAS NAS REDES DE MEDIA E BAIXA TENSAO, SITUADAS NO CAMPUS DA UNIVERSIDADE FEDERAL DE VICOSA, CIDADE DE VICOSA E FLORESTAL, MINAS GERAIS","EVENTO DE REVOGACAO PUBLICADO",26282,"UNIVERSIDADE FEDERAL DE VICOSA","VICOSA",2019-12-04,NA,0,"dezembro",2019
162019,154051,"UNIVERSIDADE FEDERAL DE VICOSA","TOMADA DE PRECOS","007446/2019","OBJETO: EXECUCAO DE INSTALACOES DE APARELHOS DE AR CONDICIONADO NOS AUDITORIOS DO EDIFICIO DE LABORATORIOS SITUADO NO CAMPUS DE RIO PARANAIBA, RIO PARANAIBA, MINAS GERAIS.","EVENTO DE RESULTADO DE JULGAME",26282,"UNIVERSIDADE FEDERAL DE VICOSA","VICOSA",2019-12-05,NA,166341.12,"dezembro",2019
172019,154051,"UNIVERSIDADE FEDERAL DE VICOSA","TOMADA DE PRECOS","007507/2019","OBJETO: EXECUCAO DA OBRA DE ACESSIBILIDADE E INFRAESTRUTURA PARA ATENDER A BBT E RU   CAF, SITUADOS NO CAMPUS DA UNIVERSIDADE FEDERAL DE VICOSA, CIDADE DE FLORESTAL, MINAS GERAIS","EVENTO DE REVOGACAO PUBLICADO",26282,"UNIVERSIDADE FEDERAL DE VICOSA","VICOSA",2019-12-06,NA,0,"dezembro",2019
182019,154051,"UNIVERSIDADE FEDERAL DE VICOSA","TOMADA DE PRECOS","007512/2019","OBJETO: REFORMA DA AUDITORIA INTERNA E PROCURADORIA JURIDICA NO CAMPUS DA UFV EM VICOSA/MG.","EVENTO DE RESULTADO DE JULGAME",26282,"UNIVERSIDADE FEDERAL DE VICOSA","VICOSA",2019-12-16,NA,359448.28,"dezembro",2019
192019,154051,"UNIVERSIDADE FEDERAL DE VICOSA","TOMADA DE PRECOS","007511/2019","OBJETO: EXECUCAO DA REFORMA DO DEPARTAMENTO DE COMUNICACAO E DIRETORIA DE COMUNICACAO INSTITUCIONAL   ETAPA I, SITUADO NO CAMPUS DA UNIVERSIDADE FEDERAL DE VICOSA, CIDADE DE VICOSA, MINAS GERAIS.","EVENTO DE RESULTADO DE JULGAME",26282,"UNIVERSIDADE FEDERAL DE VICOSA","VICOSA",2019-12-23,NA,654264.37,"dezembro",2019
202019,154051,"UNIVERSIDADE FEDERAL DE VICOSA","TOMADA DE PRECOS","007623/2019","OBJETO: EXECUCAO DA REFORMA DO LABORATORIO DE BIOLOGIA ESTRUTURAL, SITUADO NO CAMPUS DA UNIVERSIDADE FEDERAL DE VICOSA, CIDADE DE VICOSA, MINAS GERAIS.","EVENTO DE RESULTADO DE JULGAME",26282,"UNIVERSIDADE FEDERAL DE VICOSA","VICOSA",2019-12-20,NA,192765,"dezembro",2019
212019,154051,"UNIVERSIDADE FEDERAL DE VICOSA","TOMADA DE PRECOS","007987/2019","OBJETO: EXECUCAO DE REFORMA COM FORNECIMENTO TOTAL DE MATERIAIS, SOB O REGIME DE EMPREITADA POR PRECO UNITARIO, NECESSARIOS A EXECUCAO DA OBRA PARA MELHORIAS NAS REDES DE MEDIA E BAIXA TENSAO, SITUADAS NO CAMPUS DA UNIVERSIDADE FEDERAL DE VICOSA, CIDADE DE VICOSA E FLORESTAL, MINAS GERAIS","EVENTO DE RESULTADO DE JULGAME",26282,"UNIVERSIDADE FEDERAL DE VICOSA","VICOSA",2019-12-27,NA,125941.42,"dezembro",2019
222019,154051,"UNIVERSIDADE FEDERAL DE VICOSA","TOMADA DE PRECOS","008073/2019","OBJETO: CONSTRUCAO - EXECUCAO DE OBRA COM FORNECIMENTO TOTAL DE MATERIAIS, SOB O REGIME DE EMPREITADA POR PRECO UNITARIO, NECESSARIOS A EXECUCAO DA OBRA DE ACESSIBILIDADE E INFRAESTRUTURA PARA ATENDER A BBT E RU   CAF, SITUADOS NO CAMPUS DA UNIVERSIDADE FEDERAL DE VICOSA, CIDADE DE FLORESTAL, MINAS GERAIS.","EVENTO DE RESULTADO DE JULGAME",26282,"UNIVERSIDADE FEDERAL DE VICOSA","VICOSA",2019-12-27,NA,371397.35,"dezembro",2019
232019,154051,"UNIVERSIDADE FEDERAL DE VICOSA","TOMADA DE PRECOS","008114/2019","OBJETO: EXECUCAO REFORMA COM FORNECIMENTO TOTAL DE MATERIAIS, SOB O REGIME DE EMPREITADA POR PRECO UNITARIO, NECESSARIOS A EXECUCAO DA REFORMA DO ABATEDOURO, SITUADO NO CAMPUS DA UNIVERSIDADE FEDERAL DE VICOSA, MINAS GERAIS.","EVENTO DE RESULTADO DE JULGAME",26282,"UNIVERSIDADE FEDERAL DE VICOSA","VICOSA",2019-12-30,NA,275835.13,"dezembro",2019
292019,154051,"UNIVERSIDADE FEDERAL DE VICOSA","INEXIGIBILIDADE DE LICITACAO","006396/2019","OBJETO: CONTRATACAO DE SERVICOS DE MANUTENCAO EM MICROSCOPIOS","PUBLICADO",26282,"UNIVERSIDADE FEDERAL DE VICOSA","VICOSA",2019-12-17,NA,55000,"dezembro",2019
312019,154051,"UNIVERSIDADE FEDERAL DE VICOSA","INEXIGIBILIDADE DE LICITACAO","007431/2019","OBJETO: AQUISICAO DE CELULAS DE BATERIAS DE LIPO","PUBLICADO",26282,"UNIVERSIDADE FEDERAL DE VICOSA","VICOSA",2019-12-03,NA,18648,"dezembro",2019
322019,154051,"UNIVERSIDADE FEDERAL DE VICOSA","INEXIGIBILIDADE DE LICITACAO","007434/2019","OBJETO: AQUISICAO DE TURBIDIMETRO DIGITAL","PUBLICADO",26282,"UNIVERSIDADE FEDERAL DE VICOSA","VICOSA",2019-12-06,NA,24500,"dezembro",2019
372019,154051,"UNIVERSIDADE FEDERAL DE VICOSA","INEXIGIBILIDADE DE LICITACAO","007633/2019","OBJETO: AQUISICAO DE SELADORA ELETRONICA","PUBLICADO",26282,"UNIVERSIDADE FEDERAL DE VICOSA","VICOSA",2019-12-09,NA,20000,"dezembro",2019
392019,154051,"UNIVERSIDADE FEDERAL DE VICOSA","DISPENSA DE LICITACAO","007377/2019","OBJETO: CONTRATACAO DE INSTITUICAO DE APOIO PARA GESTAO DE RECURSOS ORIUNDOS DO TED 140018-00/2019, FIRMADO ENTRE A SECRETARIA DE POLITICAS PARA FORMACAO E ACOES ESTRATEGICAS/MCTIC E A UFV PARA A EXECUCAO DO PROJETO BIOMAS TROPICAIS.","PUBLICADO",26282,"UNIVERSIDADE FEDERAL DE VICOSA","VICOSA",2019-12-23,NA,300000,"dezembro",2019
392019,154051,"UNIVERSIDADE FEDERAL DE VICOSA","INEXIGIBILIDADE DE LICITACAO","007834/2019","OBJETO: AQUISICAO DE CELULA DE OXIGENIO PARA OXIMETRO","ENCERRADO",26282,"UNIVERSIDADE FEDERAL DE VICOSA","VICOSA",2019-12-06,NA,2084.63,"dezembro",2019
402019,154051,"UNIVERSIDADE FEDERAL DE VICOSA","DISPENSA DE LICITACAO","007405/2019","OBJETO: CONTRATACAO DE INSTITUICAO DE APOIO PARA GESTAO DE RECURSOS ORIUNDOS DO TED 2019NC000020, FIRMADO ENTRE A SECRETARIA DE AGRICULTURA FAMILIAR E COOPERATIVISMO - SAF, DO MINISTERIO DA AGRICULTURA E A UFV.","PUBLICADO",26282,"UNIVERSIDADE FEDERAL DE VICOSA","VICOSA",2019-12-03,NA,100000,"dezembro",2019
412019,154051,"UNIVERSIDADE FEDERAL DE VICOSA","DISPENSA DE LICITACAO","007409/2019","OBJETO: AQUISICAO DE PODADOR, MOTOPODA E SOPRADOR COSTAL","ENCERRADO",26282,"UNIVERSIDADE FEDERAL DE VICOSA","VICOSA",2019-12-03,NA,16330,"dezembro",2019
412019,154051,"UNIVERSIDADE FEDERAL DE VICOSA","INEXIGIBILIDADE DE LICITACAO","007950/2019","OBJETO: CONTRATACAO DE SERVICO NAO CONTINUADO DE MAUTENCAO EM MAQUINAS DE SOLDA.","ENCERRADO",26282,"UNIVERSIDADE FEDERAL DE VICOSA","VICOSA",2019-12-10,NA,6000,"dezembro",2019
422019,154051,"UNIVERSIDADE FEDERAL DE VICOSA","INEXIGIBILIDADE DE LICITACAO","007893/2019","OBJETO: AQUISICAO DE FONTE DE ALIMENTACAO, COMPATIBILIDADE DAWERFSCC3006","ENCERRADO",26282,"UNIVERSIDADE FEDERAL DE VICOSA","VICOSA",2019-12-27,NA,1553.58,"dezembro",2019
442019,154051,"UNIVERSIDADE FEDERAL DE VICOSA","DISPENSA DE LICITACAO","007430/2019","OBJETO: AQUISICAO DE GAS HELIO","PUBLICADO",26282,"UNIVERSIDADE FEDERAL DE VICOSA","VICOSA",2019-12-17,NA,33000,"dezembro",2019
462019,154051,"UNIVERSIDADE FEDERAL DE VICOSA","DISPENSA DE LICITACAO","007437/2019","OBJETO: AQUISICAO DE GAS NITROGENIO LIQUIDO.","ENCERRADO",26282,"UNIVERSIDADE FEDERAL DE VICOSA","VICOSA",2019-12-06,NA,6000,"dezembro",2019
482019,154051,"UNIVERSIDADE FEDERAL DE VICOSA","DISPENSA DE LICITACAO","007433/2019","OBJETO: CONTRATACAO DE INSTITUICAO DE APOIO PARA GESTAO DOS RECURSOS ORIUNDOS DO TED 3/2019-SNPDH/SEDS/MC, FIRMADO ENTRE O DEPARTAMENTO DE ATENCAO AO IDOSO DO MINISTERIO DA CIDADANIA E A UFV, PARA A EXECUCAO DO PROJETO ESTRATEGIA BRASIL AMIGO DA PESSOA IDOSA - EBAPI.","PUBLICADO",26282,"UNIVERSIDADE FEDERAL DE VICOSA","VICOSA",2019-12-03,NA,469524.3,"dezembro",2019
492019,154051,"UNIVERSIDADE FEDERAL DE VICOSA","DISPENSA DE LICITACAO","007634/2019","OBJETO: AQUISICAO DE DESTILADOR DE NITROGENIO.","ENCERRADO",26282,"UNIVERSIDADE FEDERAL DE VICOSA","VICOSA",2019-12-11,NA,9500,"dezembro",2019
502019,154051,"UNIVERSIDADE FEDERAL DE VICOSA","DISPENSA DE LICITACAO","007636/2019","OBJETO: AQUISICAO DE KITS DE CIANOTOXINAS","ENCERRADO",26282,"UNIVERSIDADE FEDERAL DE VICOSA","VICOSA",2019-12-10,NA,4960,"dezembro",2019
512019,154051,"UNIVERSIDADE FEDERAL DE VICOSA","DISPENSA DE LICITACAO","007632/2019","OBJETO: AQUISICAO DE MICROPIPETA MULTICANAL","ENCERRADO",26282,"UNIVERSIDADE FEDERAL DE VICOSA","VICOSA",2019-12-10,NA,1477,"dezembro",2019
532019,154051,"UNIVERSIDADE FEDERAL DE VICOSA","DISPENSA DE LICITACAO","007667/2019","OBJETO: AQUISICAO EMISSOR DE SENHA PARA AUTO-ATENDIMENTO","ENCERRADO",26282,"UNIVERSIDADE FEDERAL DE VICOSA","VICOSA",2019-12-03,NA,4760,"dezembro",2019
542019,154051,"UNIVERSIDADE FEDERAL DE VICOSA","DISPENSA DE LICITACAO","007897/2019","OBJETO: CONTRATACAO DE INSTITUICAO DE APOIO PARA GESTAO DE RECURSOS ORIUNDOS DO TED 8649, PARA EXECUCAO DO PROJETO CECANE UFV 2020, FIRMADO ENTRE A UFV E FNDE.","PUBLICADO",26282,"UNIVERSIDADE FEDERAL DE VICOSA","VICOSA",2019-12-11,NA,477941.1,"dezembro",2019
552019,154051,"UNIVERSIDADE FEDERAL DE VICOSA","DISPENSA DE LICITACAO","007833/2019","OBJETO: AQUISICAO DE CAMARAS DE CONTAGEM","ENCERRADO",26282,"UNIVERSIDADE FEDERAL DE VICOSA","VICOSA",2019-12-10,NA,2535,"dezembro",2019
562019,154051,"UNIVERSIDADE FEDERAL DE VICOSA","DISPENSA DE LICITACAO","007864/2019","OBJETO: AQUISICAO DE VERGALHAO E ARAME","PUBLICADO",26282,"UNIVERSIDADE FEDERAL DE VICOSA","VICOSA",2019-12-19,NA,20828,"dezembro",2019
572019,154051,"UNIVERSIDADE FEDERAL DE VICOSA","DISPENSA DE LICITACAO","007914/2019","OBJETO: AQUISICAO DE CARRETA REBOQUE","PUBLICADO",26282,"UNIVERSIDADE FEDERAL DE VICOSA","VICOSA",2019-12-17,NA,16700,"dezembro",2019
582019,154051,"UNIVERSIDADE FEDERAL DE VICOSA","DISPENSA DE LICITACAO","007866/2019","OBJETO: AQUISICAO DE CAL HIDRATADA E PREGO COM CABECA","ENCERRADO",26282,"UNIVERSIDADE FEDERAL DE VICOSA","VICOSA",2019-12-17,NA,2817,"dezembro",2019
602019,154051,"UNIVERSIDADE FEDERAL DE VICOSA","DISPENSA DE LICITACAO","007867/2019","OBJETO: AQUISICAO DE CHAPAS DE VIDRO, MASSA DE FIXAR E TARUGO.","PUBLICADO",26282,"UNIVERSIDADE FEDERAL DE VICOSA","VICOSA",2019-12-19,NA,19759.5,"dezembro",2019
612019,154051,"UNIVERSIDADE FEDERAL DE VICOSA","DISPENSA DE LICITACAO","007981/2019","OBJETO: AQUISICAO DE TELHAS, CUMEEIRA, PARAFUSOS. FORRO DE PVC,ETC","PUBLICADO",26282,"UNIVERSIDADE FEDERAL DE VICOSA","VICOSA",2019-12-19,NA,30273,"dezembro",2019
622019,154051,"UNIVERSIDADE FEDERAL DE VICOSA","DISPENSA DE LICITACAO","007982/2019","OBJETO: AQUISICAO DE CONEXOES HIDRAULICAS","PUBLICADO",26282,"UNIVERSIDADE FEDERAL DE VICOSA","VICOSA",2019-12-20,NA,20832,"dezembro",2019
632019,154051,"UNIVERSIDADE FEDERAL DE VICOSA","DISPENSA DE LICITACAO","007937/2019","OBJETO: SERVICO DE DEDETIZACAO, DESRATIZACAO E DESINSETIZACAO","ENCERRADO",26282,"UNIVERSIDADE FEDERAL DE VICOSA","VICOSA",2019-12-09,NA,1100,"dezembro",2019
642019,154051,"UNIVERSIDADE FEDERAL DE VICOSA","DISPENSA DE LICITACAO","007986/2019","OBJETO: AQUISICAO DE IMPERMEABILIZANTES, PRIMER, ETC.","ENCERRADO",26282,"UNIVERSIDADE FEDERAL DE VICOSA","VICOSA",2019-12-19,NA,13866.9,"dezembro",2019
652019,154051,"UNIVERSIDADE FEDERAL DE VICOSA","DISPENSA DE LICITACAO","007897/2019","OBJETO: SERVICO DE TRANSPORTE DE MUDANCA DO PROCURADOR CHEFE","ENCERRADO",26282,"UNIVERSIDADE FEDERAL DE VICOSA","VICOSA",2019-12-09,NA,6500,"dezembro",2019
662019,154051,"UNIVERSIDADE FEDERAL DE VICOSA","DISPENSA DE LICITACAO","007988/2019","OBJETO: AQUISICAO DE TINTAS E MASSA CORRIDA","PUBLICADO",26282,"UNIVERSIDADE FEDERAL DE VICOSA","VICOSA",2019-12-19,NA,20566,"dezembro",2019
672019,154051,"UNIVERSIDADE FEDERAL DE VICOSA","DISPENSA DE LICITACAO","008031/2019","OBJETO: AQUISICAO DE SELADOR E VERNIZ","ENCERRADO",26282,"UNIVERSIDADE FEDERAL DE VICOSA","VICOSA",2019-12-19,NA,5343.5,"dezembro",2019
682019,154051,"UNIVERSIDADE FEDERAL DE VICOSA","DISPENSA DE LICITACAO","008032/2019","OBJETO: CONTRATACAO DE INSTITUICAO DE APOIO PARA GESTAO DE RECURSOS ORIUNDOS DO CONSORCIO PESQUISA DE CAFE, REPASSADOS POR MEIO DE  (TED).","PUBLICADO",26282,"UNIVERSIDADE FEDERAL DE VICOSA","VICOSA",2019-12-23,NA,500000,"dezembro",2019
692019,154051,"UNIVERSIDADE FEDERAL DE VICOSA","DISPENSA DE LICITACAO","007952/2019","OBJETO: CONTRATACAO DE SERVICO NAO CONTINUADO DE MANUTENCAO EM SISTEMA DE RESFRIAMENTO.","ENCERRADO",26282,"UNIVERSIDADE FEDERAL DE VICOSA","VICOSA",2019-12-10,NA,1400,"dezembro",2019
702019,154051,"UNIVERSIDADE FEDERAL DE VICOSA","DISPENSA DE LICITACAO","007949/2019","OBJETO: CONTRATACAO DE SERVICO NAO CONTINUADO DE MANUTENCAO CORRETIVA EM NOBREAK","ENCERRADO",26282,"UNIVERSIDADE FEDERAL DE VICOSA","VICOSA",2019-12-17,NA,2550,"dezembro",2019
712019,154051,"UNIVERSIDADE FEDERAL DE VICOSA","DISPENSA DE LICITACAO","007953/2019","OBJETO: SERVICO DE MANUTENCAO EM MICROSCOPIOS OTICOS.","ENCERRADO",26282,"UNIVERSIDADE FEDERAL DE VICOSA","VICOSA",2019-12-16,NA,5930,"dezembro",2019
722019,154051,"UNIVERSIDADE FEDERAL DE VICOSA","DISPENSA DE LICITACAO","007011/2019","OBJETO: SERVICO DE COLETA, TRANSPORTE E BLENDAGEM DE RESIDUOS DE MADEIRA","ENCERRADO",26282,"UNIVERSIDADE FEDERAL DE VICOSA","VICOSA",2019-12-20,NA,6150,"dezembro",2019
732019,154051,"UNIVERSIDADE FEDERAL DE VICOSA","DISPENSA DE LICITACAO","007898/2019","OBJETO: AQUISICAO DE MAQUINA PICADEIRA/ENSILADEIRA DE GALHOS E TRONCOS.","PUBLICADO",26282,"UNIVERSIDADE FEDERAL DE VICOSA","VICOSA",2019-12-19,NA,185500,"dezembro",2019
742019,154051,"UNIVERSIDADE FEDERAL DE VICOSA","DISPENSA DE LICITACAO","008128/2019","OBJETO: CONTRATACAO DE INSTITUICAO DE APOIO PARA GESTAO DE RECURSOS ORIUNDOS DO TED 1071/201 DPP, FIRMNADO ENTRE O DNIT E UFV.","RETIFICACAO",26282,"UNIVERSIDADE FEDERAL DE VICOSA","VICOSA",2019-12-23,NA,960470.45,"dezembro",2019
752019,154051,"UNIVERSIDADE FEDERAL DE VICOSA","DISPENSA DE LICITACAO","008268/2019","OBJETO: CONTRATACAO DE INSTITUICAO DE APOIO PARA GESTAO DE RECURSOS ORIUNDOS DO TERMO DE DESCENTRALIZACAO ORCAMENTARIA (TED).","PUBLICADO",26282,"UNIVERSIDADE FEDERAL DE VICOSA","VICOSA",2019-12-23,NA,200000,"dezembro",2019
762019,154051,"UNIVERSIDADE FEDERAL DE VICOSA","DISPENSA DE LICITACAO","008314/2019","OBJETO: CONTRATACAO DE INSTITUICAO PARA APOIO INSTITUCIONAL E DESENVOLVIMENTO DE ATIVIDADES DE PESQUISA, ENSINO E EXTENSAO UNIVERSITARIA. CONTRATACAO DE INSTITUICAO DE APOIO AS ATIVIDADES DE EXTENSAO, DE ACORTDO COM O TED 006/2019, FIRMADO ENTRE A UFV E A CODEVAST","PUBLICADO",26282,"UNIVERSIDADE FEDERAL DE VICOSA","VICOSA",2019-12-27,NA,912391,"dezembro",2019
772019,154051,"UNIVERSIDADE FEDERAL DE VICOSA","DISPENSA DE LICITACAO","008310/2019","OBJETO: CONTRATACAO DE INSTITUICAO PARA APOIO INSTITUCIONAL E DESENVOLVIMENTO DE ATIVIDADE DE PESQUISA, ENSINO E EXTENSAO UNIVERSITARIA. CONTRATACAO DE FUNDACAO DE APOIO PARA GERENCIAR RECURSOS DO TED 28/2019, DA SECRETARIA NACIONAL DE FUTEBOL E DEFESA DOS DIREITOS DO TORCEDOR.","PUBLICADO",26282,"UNIVERSIDADE FEDERAL DE VICOSA","VICOSA",2019-12-27,NA,256049.78,"dezembro",2019
782019,154051,"UNIVERSIDADE FEDERAL DE VICOSA","DISPENSA DE LICITACAO","0081315/2019","OBJETO: CONTRATACAO DE INSTITUICAO PARA APOIO INSTITUCIONAL E DESENVOLVIMENTO DE ATIVIDADES DE PESQUISA, ENSINO E EXTENSAO UNIVERSITARIA. ESTUDOS SOBRE PROJETOS DE AGRICULTURA IRRIGADA NO CENTRO-OESTE","PUBLICADO",26282,"UNIVERSIDADE FEDERAL DE VICOSA","VICOSA",2019-12-27,NA,2500000,"dezembro",2019
792019,154051,"UNIVERSIDADE FEDERAL DE VICOSA","DISPENSA DE LICITACAO","008376/2019","OBJETO: CONTRATACAO DE INSTITUICAO PARA APOIO INSTITUCIONAL E DESENVOLVIMENTO DE ATIVIDADES DE PESQUISA, ENSINO E EXTENSAO - CONTRATACAO DA FUNARBE PARA GERENCIAR RECURSOS RELATIVOS AO PRIMEIRO TERMO ADITIVO, PARA DESENV. CURSO DE CAPACITACAO NA AREA DE PRODUCAO INTEGRADA.","PUBLICADO",26282,"UNIVERSIDADE FEDERAL DE VICOSA","VICOSA",2019-12-27,NA,200000,"dezembro",2019
802019,154051,"UNIVERSIDADE FEDERAL DE VICOSA","DISPENSA DE LICITACAO","008382/2019","OBJETO: CONTRATACAO DE INSTITUICAO DE APOIO PARA GESTAO DE RECURSOS PROVENIENTES DO TED FIRMADO ENTRE O MINISTERIO DA EDUCACAO E A UNIVERSIDADE FEDERAL DE VICOSA","PUBLICADO",26282,"UNIVERSIDADE FEDERAL DE VICOSA","VICOSA",2019-12-30,NA,1000000,"dezembro",2019
1222019,154052,"CENTRAL DE ENS.DES.AGRAR.DE FLORESTAL/UFV","PREGAO","005972/2019","OBJETO: PREGAO ELETRONICO -  AQUISICAO DE MATERIAIS PARA OS CURSOS DE ELETRONICA E ELETROTECNICA","PUBLICADO",26282,"UNIVERSIDADE FEDERAL DE VICOSA","FLORESTAL",2019-12-12,2019-12-12,2381.7,"dezembro",2019
1232019,154052,"CENTRAL DE ENS.DES.AGRAR.DE FLORESTAL/UFV","PREGAO","005973/2019","OBJETO: PREGAO ELETRONICO -  CONTRATACAO DE EMPRESA PARA CONFECCAO E INSTALACAO DE PORTAS E PRATELEIRAS NOS LABORATORIOS DOS CURSOS DE ELETRONICA E ELETROTECNICA","PUBLICADO",26282,"UNIVERSIDADE FEDERAL DE VICOSA","FLORESTAL",2019-12-16,2019-12-16,0,"dezembro",2019
1382019,154051,"UNIVERSIDADE FEDERAL DE VICOSA","PREGAO","006258/2019","OBJETO: PREGAO ELETRONICO -  AQUISICAO DE ELETRODOMESTICOS, ELETRONICOS E MOVEIS","PUBLICADO",26282,"UNIVERSIDADE FEDERAL DE VICOSA","VICOSA",2019-12-27,2019-12-16,17818.03,"dezembro",2019
1442019,154052,"CENTRAL DE ENS.DES.AGRAR.DE FLORESTAL/UFV","PREGAO - REGISTRO DE PRECO","006735/2019","OBJETO: PREGAO ELETRONICO -  EVENTUAL AQUISICAO DE GAS LIQUEFEITO DE PETROLEO EM FORMATOS P 13 E P 45","PUBLICADO",26282,"UNIVERSIDADE FEDERAL DE VICOSA","FLORESTAL",2019-12-20,2019-12-20,11934,"dezembro",2019
1482019,154051,"UNIVERSIDADE FEDERAL DE VICOSA","PREGAO","006719/2019","OBJETO: PREGAO ELETRONICO -  AQUISICAO DE MATERIAIS DE CONSTRUCAO, DE JARDINAGEM, ELETRICOS E SOPRADOR COSTAL","PUBLICADO",26282,"UNIVERSIDADE FEDERAL DE VICOSA","VICOSA",2019-12-10,2019-12-05,18626.35,"dezembro",2019
1562019,154051,"UNIVERSIDADE FEDERAL DE VICOSA","PREGAO","006982/2019","OBJETO: PREGAO ELETRONICO -  AQUISICAO DE GASES ESPECIAIS","PUBLICADO",26282,"UNIVERSIDADE FEDERAL DE VICOSA","VICOSA",2019-12-09,2019-12-09,0,"dezembro",2019
1572019,154051,"UNIVERSIDADE FEDERAL DE VICOSA","PREGAO","006670/2019","OBJETO: PREGAO ELETRONICO -  CONTRATACAO DE SERVICO CONTINUADO DE MOTORISTAS E AJUDANTES DE CARGA E DESCARGA DE MERCADORIAS","EVENTO DE RESULTADO DE JULGAME",26282,"UNIVERSIDADE FEDERAL DE VICOSA","VICOSA",2019-12-20,2019-12-04,2189967.12,"dezembro",2019
1592019,154052,"CENTRAL DE ENS.DES.AGRAR.DE FLORESTAL/UFV","PREGAO","006958/2019","OBJETO: PREGAO ELETRONICO -  CONTRATACAO DE EMPRESA  PARA A MANUTENCAO DE CALDEIRAS.","PUBLICADO",26282,"UNIVERSIDADE FEDERAL DE VICOSA","FLORESTAL",2019-12-10,2019-12-09,21997.1,"dezembro",2019
1612019,154051,"UNIVERSIDADE FEDERAL DE VICOSA","PREGAO","007280/2019","OBJETO: PREGAO ELETRONICO -  CONTRATACAO DOS SERVICOS DE HIGIENIZACAO DE BECAS E ACESSORIOS (COLACAO DE GRAU - JANEIRO/2020)","PUBLICADO",26282,"UNIVERSIDADE FEDERAL DE VICOSA","VICOSA",2019-12-11,2019-12-11,11000,"dezembro",2019
1682019,154051,"UNIVERSIDADE FEDERAL DE VICOSA","PREGAO","007565/2019","OBJETO: PREGAO ELETRONICO -  AQUISICAO DE GAS LIQUEFEITO DE  PETROLEO - TIPO GLP","PUBLICADO",26282,"UNIVERSIDADE FEDERAL DE VICOSA","VICOSA",2019-12-19,2019-12-17,29255.2,"dezembro",2019
1722019,154051,"UNIVERSIDADE FEDERAL DE VICOSA","PREGAO","007917/2019","OBJETO: PREGAO ELETRONICO -  CONTRATACAO DE SERVICOS DE TECNOLOGIA DA INFORMACAO E COMUNICACAO PARA AQUISICAO DE CONTROLADORA VIRTUALIZADA PARA GERENCIA DE PONTOS DE ACESSO RUCKUS","PUBLICADO",26282,"UNIVERSIDADE FEDERAL DE VICOSA","VICOSA",2019-12-19,2019-12-18,136600,"dezembro",2019
1742019,154051,"UNIVERSIDADE FEDERAL DE VICOSA","PREGAO","007432/2019","OBJETO: PREGAO ELETRONICO -  AQUISICAO DE REPETIDORA DIGITAL, HIBRIDA (ANALOGICO + DIGITAL).","PUBLICADO",26282,"UNIVERSIDADE FEDERAL DE VICOSA","VICOSA",2019-12-27,2019-12-27,21167.02,"dezembro",2019
